x1_win_early,x2_win_mid,x3_win_late,x4_traj_direct,x5_traj_gravity,x6_traj_multistage,x7_mode_conserv,x8_mode_nominal,x9_mode_aggressive
-104.24,240.0,240.0,0.0,0.0,0.0,0.0,0.0,0.0
240.0,-98.0,240.0,0.0,0.0,0.0,0.0,0.0,0.0
240.0,240.0,-92.0,0.0,0.0,0.0,0.0,0.0,0.0
0.0,0.0,0.0,-85.0,240.0,240.0,0.0,0.0,75.0
0.0,0.0,0.0,240.0,-104.0,240.0,0.0,0.0,0.0
0.0,0.0,0.0,240.0,240.0,-96.0,0.0,0.0,0.0
0.0,0.0,0.0,0.0,0.0,0.0,-92.0,240.0,300.0
0.0,0.0,0.0,0.0,0.0,0.0,240.0,-100.0,240.0
0.0,0.0,0.0,75.0,0.0,0.0,300.0,240.0,-94.78
