time_s,altitude_km,velocity_km_s,mach,deceleration_g,downrange_km,dynamic_pressure_kpa,convective_heat_flux_w_cm2,radiative_heat_flux_w_cm2,total_heat_flux_w_cm2,cumulative_heat_load_kj_cm2,surface_temp_c,bondline_temp_c,ablation_recession_mm,is_blackout
0.0,120.0,7.75,22.0,0.0,0.0,0.0,1.3,0.0,1.3,0.0,443,20.1,0.0,False
1.0,119.76,7.75,22.0,0.0,7.6,0.0,1.3,0.0,1.3,0.0,446,20.6,0.0,False
2.0,119.53,7.75,22.0,0.0,15.2,0.0,1.4,0.0,1.4,0.0,449,21.0,0.0,False
3.0,119.29,7.75,22.1,0.0,22.8,0.0,1.4,0.0,1.4,0.0,452,21.4,0.0,False
4.0,119.05,7.75,22.1,0.0,30.4,0.0,1.4,0.0,1.4,0.0,455,21.9,0.0,False
5.0,118.81,7.75,22.1,0.0,38.0,0.0,1.4,0.0,1.4,0.0,458,22.3,0.0,False
6.0,118.58,7.75,22.2,0.0,45.6,0.0,1.5,0.0,1.5,0.0,462,22.8,0.0,False
7.0,118.34,7.75,22.2,0.0,53.2,0.0,1.5,0.0,1.5,0.0,465,23.3,0.0,False
8.0,118.1,7.75,22.2,0.0,60.8,0.0,1.5,0.0,1.5,0.0,468,23.7,0.0,False
9.0,117.86,7.75,22.2,0.0,68.4,0.0,1.5,0.0,1.5,0.0,471,24.2,0.0,False
10.0,117.62,7.75,22.3,0.0,76.0,0.0,1.6,0.0,1.6,0.0,474,24.6,0.0,False
11.0,117.39,7.75,22.3,0.0,83.6,0.0,1.6,0.0,1.6,0.0,478,25.1,0.0,False
12.0,117.15,7.75,22.3,0.0,91.2,0.0,1.6,0.0,1.6,0.0,481,25.6,0.0,False
13.0,116.91,7.75,22.4,0.0,98.8,0.0,1.6,0.0,1.6,0.0,484,26.1,0.0,False
14.0,116.67,7.75,22.4,0.0,106.4,0.0,1.7,0.0,1.7,0.0,487,26.5,0.0,False
15.0,116.43,7.75,22.4,0.0,114.0,0.0,1.7,0.0,1.7,0.0,491,27.0,0.0,False
16.0,116.19,7.75,22.5,0.0,121.6,0.0,1.7,0.0,1.7,0.0,494,27.5,0.0,False
17.0,115.95,7.74,22.5,0.0,129.3,0.0,1.8,0.0,1.8,0.0,497,28.0,0.0,False
18.0,115.71,7.74,22.5,0.0,136.9,0.0,1.8,0.0,1.8,0.0,501,28.5,0.0,False
19.0,115.47,7.74,22.5,0.0,144.5,0.0,1.8,0.0,1.8,0.0,504,29.0,0.0,False
20.0,115.23,7.74,22.6,0.0,152.1,0.0,1.9,0.0,1.9,0.0,508,29.5,0.0,False
21.0,114.99,7.74,22.6,0.0,159.7,0.0,1.9,0.0,1.9,0.0,511,30.0,0.0,False
22.0,114.75,7.74,22.6,0.0,167.3,0.0,1.9,0.0,1.9,0.0,514,30.5,0.0,False
23.0,114.51,7.74,22.7,0.0,174.9,0.0,2.0,0.0,2.0,0.0,518,31.0,0.0,False
24.0,114.27,7.74,22.7,0.0,182.5,0.0,2.0,0.0,2.0,0.0,521,31.5,0.0,False
25.0,114.02,7.74,22.7,0.0,190.1,0.0,2.0,0.0,2.0,0.0,525,32.0,0.0,False
26.0,113.78,7.74,22.8,0.0,197.7,0.0,2.1,0.0,2.1,0.0,528,32.5,0.0,False
27.0,113.54,7.74,22.8,0.0,205.3,0.0,2.1,0.0,2.1,0.0,532,33.0,0.0,False
28.0,113.3,7.74,22.8,0.0,212.9,0.0,2.1,0.0,2.1,0.0,535,33.6,0.0,False
29.0,113.06,7.74,22.9,0.0,220.5,0.0,2.2,0.0,2.2,0.0,539,34.1,0.0,False
30.0,112.81,7.74,22.9,0.0,228.1,0.0,2.2,0.0,2.2,0.1,542,34.6,0.0,False
31.0,112.57,7.74,22.9,0.0,235.7,0.0,2.2,0.0,2.2,0.1,546,35.1,0.0,False
32.0,112.33,7.74,23.0,0.0,243.3,0.0,2.3,0.0,2.3,0.1,550,35.7,0.0,False
33.0,112.08,7.74,23.0,0.0,250.9,0.0,2.3,0.0,2.3,0.1,553,36.2,0.0,False
34.0,111.84,7.74,23.0,0.0,258.5,0.0,2.4,0.0,2.4,0.1,557,36.7,0.0,False
35.0,111.6,7.74,23.1,0.0,266.1,0.0,2.4,0.0,2.4,0.1,561,37.3,0.01,False
36.0,111.35,7.74,23.1,0.0,273.7,0.0,2.5,0.0,2.5,0.1,564,37.8,0.01,False
37.0,111.11,7.74,23.1,0.0,281.3,0.0,2.5,0.0,2.5,0.1,568,38.4,0.01,False
38.0,110.87,7.74,23.2,0.0,288.9,0.0,2.5,0.0,2.5,0.1,572,38.9,0.01,False
39.0,110.62,7.74,23.2,0.0,296.5,0.0,2.6,0.0,2.6,0.1,576,39.5,0.01,False
40.0,110.38,7.74,23.2,0.0,304.1,0.0,2.6,0.0,2.6,0.1,579,40.1,0.02,False
41.0,110.13,7.74,23.3,0.0,311.7,0.0,2.7,0.0,2.7,0.1,583,40.6,0.02,False
42.0,109.89,7.74,23.3,0.0,319.3,0.0,2.7,0.0,2.7,0.1,587,41.2,0.02,False
43.0,109.64,7.74,23.4,0.0,326.9,0.0,2.8,0.0,2.8,0.1,591,41.8,0.02,False
44.0,109.4,7.74,23.4,0.0,334.5,0.0,2.8,0.0,2.8,0.1,595,42.3,0.03,False
45.0,109.15,7.74,23.4,0.0,342.1,0.0,2.9,0.0,2.9,0.1,598,42.9,0.03,False
46.0,108.9,7.74,23.5,0.0,349.7,0.0,2.9,0.0,2.9,0.1,602,43.5,0.03,False
47.0,108.66,7.74,23.5,0.0,357.3,0.0,3.0,0.0,3.0,0.1,606,44.1,0.03,False
48.0,108.41,7.74,23.5,0.0,364.9,0.0,3.0,0.0,3.0,0.1,610,44.7,0.04,False
49.0,108.16,7.74,23.6,0.0,372.5,0.0,3.1,0.0,3.1,0.1,614,45.2,0.04,False
50.0,107.92,7.73,23.6,0.0,380.1,0.0,3.1,0.0,3.1,0.1,618,45.8,0.04,False
51.0,107.67,7.73,23.6,0.0,387.7,0.0,3.2,0.0,3.2,0.1,622,46.4,0.04,False
52.0,107.42,7.73,23.7,0.0,395.3,0.0,3.3,0.0,3.3,0.1,626,47.0,0.05,False
53.0,107.17,7.73,23.7,0.0,402.9,0.0,3.3,0.0,3.3,0.1,630,47.6,0.05,False
54.0,106.93,7.73,23.8,0.0,410.5,0.0,3.4,0.0,3.4,0.1,634,48.2,0.05,False
55.0,106.68,7.73,23.8,0.0,418.1,0.0,3.4,0.0,3.4,0.1,638,48.9,0.06,False
56.0,106.43,7.73,23.8,0.0,425.7,0.0,3.5,0.0,3.5,0.1,643,49.5,0.06,False
57.0,106.18,7.73,23.9,0.0,433.3,0.0,3.6,0.0,3.6,0.1,647,50.1,0.06,False
58.0,105.93,7.73,23.9,0.0,441.0,0.0,3.6,0.0,3.6,0.1,651,50.7,0.07,False
59.0,105.68,7.73,24.0,0.0,448.6,0.0,3.7,0.0,3.7,0.1,655,51.3,0.07,False
60.0,105.43,7.73,24.0,0.0,456.2,0.0,3.8,0.0,3.8,0.1,659,52.0,0.07,False
61.0,105.18,7.73,24.0,0.0,463.8,0.0,3.8,0.0,3.8,0.1,663,52.6,0.08,False
62.0,104.93,7.73,24.1,0.0,471.4,0.0,3.9,0.0,3.9,0.1,668,53.2,0.08,False
63.0,104.68,7.73,24.1,0.0,479.0,0.0,4.0,0.0,4.0,0.2,672,53.9,0.08,False
64.0,104.43,7.73,24.2,0.0,486.6,0.0,4.1,0.0,4.1,0.2,676,54.5,0.09,False
65.0,104.18,7.73,24.2,0.0,494.2,0.0,4.1,0.0,4.1,0.2,681,55.2,0.09,False
66.0,103.93,7.73,24.2,0.0,501.8,0.0,4.2,0.0,4.2,0.2,685,55.8,0.09,False
67.0,103.68,7.73,24.3,0.0,509.4,0.0,4.3,0.0,4.3,0.2,689,56.5,0.1,False
68.0,103.43,7.73,24.3,0.0,517.0,0.0,4.4,0.0,4.4,0.2,694,57.1,0.1,False
69.0,103.18,7.73,24.4,0.0,524.6,0.0,4.4,0.0,4.4,0.2,698,57.8,0.1,False
70.0,102.93,7.73,24.4,0.0,532.2,0.0,4.5,0.0,4.5,0.2,702,58.5,0.11,False
71.0,102.68,7.73,24.4,0.0,539.8,0.0,4.6,0.0,4.6,0.2,707,59.2,0.11,False
72.0,102.42,7.73,24.5,0.0,547.4,0.0,4.7,0.0,4.7,0.2,711,59.8,0.12,False
73.0,102.17,7.73,24.5,0.0,555.0,0.0,4.8,0.0,4.8,0.2,716,60.5,0.12,False
74.0,101.92,7.73,24.6,0.0,562.6,0.0,4.9,0.0,4.9,0.2,720,61.2,0.12,False
75.0,101.66,7.73,24.6,0.0,570.2,0.0,5.0,0.0,5.0,0.2,725,61.9,0.13,False
76.0,101.41,7.73,24.7,0.0,577.8,0.0,5.0,0.0,5.0,0.2,730,62.6,0.13,False
77.0,101.16,7.73,24.7,0.0,585.4,0.0,5.1,0.0,5.1,0.2,734,63.3,0.14,False
78.0,100.9,7.73,24.7,0.01,593.0,0.0,5.2,0.0,5.2,0.2,739,64.0,0.14,False
79.0,100.65,7.72,24.8,0.01,600.6,0.0,5.3,0.0,5.3,0.2,744,64.7,0.15,False
80.0,100.4,7.72,24.8,0.01,608.2,0.0,5.4,0.0,5.4,0.2,748,65.4,0.15,False
81.0,100.14,7.72,24.9,0.01,615.8,0.0,5.5,0.0,5.5,0.2,753,66.1,0.16,False
82.0,99.89,7.72,24.9,0.01,623.4,0.0,5.6,0.0,5.6,0.2,758,66.8,0.16,False
83.0,99.63,7.72,25.0,0.01,631.0,0.0,5.7,0.0,5.7,0.2,763,67.5,0.17,False
84.0,99.38,7.72,25.0,0.01,638.6,0.0,5.8,0.0,5.8,0.3,767,68.3,0.17,False
85.0,99.12,7.72,25.1,0.01,646.2,0.0,6.0,0.0,6.0,0.3,772,69.0,0.18,False
86.0,98.86,7.72,25.1,0.01,653.8,0.0,6.1,0.0,6.1,0.3,777,69.7,0.18,False
87.0,98.61,7.72,25.2,0.01,661.4,0.0,6.2,0.0,6.2,0.3,782,70.5,0.19,False
88.0,98.35,7.72,25.2,0.01,669.0,0.0,6.3,0.0,6.3,0.3,787,71.2,0.19,False
89.0,98.1,7.72,25.2,0.01,676.6,0.0,6.4,0.0,6.4,0.3,792,72.0,0.2,False
90.0,97.84,7.72,25.3,0.01,684.2,0.0,6.5,0.0,6.5,0.3,797,72.7,0.2,False
91.0,97.58,7.72,25.3,0.01,691.8,0.0,6.7,0.0,6.7,0.3,802,73.5,0.21,False
92.0,97.32,7.72,25.4,0.01,699.4,0.0,6.8,0.0,6.8,0.3,807,74.2,0.21,False
93.0,97.07,7.72,25.4,0.01,707.0,0.0,6.9,0.0,6.9,0.3,812,75.0,0.22,False
94.0,96.81,7.72,25.5,0.01,714.6,0.0,7.0,0.0,7.0,0.3,817,75.8,0.23,False
95.0,96.55,7.72,25.5,0.01,722.2,0.0,7.2,0.0,7.2,0.3,822,76.5,0.23,False
96.0,96.29,7.72,25.6,0.01,729.8,0.0,7.3,0.0,7.3,0.3,827,77.3,0.24,False
97.0,96.03,7.72,25.6,0.01,737.4,0.0,7.4,0.0,7.4,0.3,832,78.1,0.25,False
98.0,95.77,7.72,25.7,0.01,745.0,0.0,7.6,0.0,7.6,0.3,837,78.9,0.25,False
99.0,95.51,7.72,25.7,0.01,752.6,0.1,7.7,0.0,7.7,0.4,843,79.7,0.26,False
100.0,95.25,7.72,25.8,0.01,760.2,0.1,7.9,0.0,7.9,0.4,848,80.5,0.27,False
101.0,94.99,7.72,25.8,0.01,767.8,0.1,8.0,0.0,8.0,0.4,853,81.3,0.27,False
102.0,94.73,7.72,25.9,0.01,775.4,0.1,8.2,0.0,8.2,0.4,858,82.1,0.28,False
103.0,94.47,7.72,25.9,0.01,783.0,0.1,8.3,0.0,8.3,0.4,864,82.9,0.29,False
104.0,94.21,7.71,26.0,0.01,790.6,0.1,8.5,0.0,8.5,0.4,869,83.7,0.29,False
105.0,93.95,7.71,26.1,0.01,798.2,0.1,8.7,0.0,8.7,0.4,875,84.5,0.3,False
106.0,93.69,7.71,26.1,0.01,805.8,0.1,8.8,0.0,8.8,0.4,880,85.3,0.31,False
107.0,93.43,7.71,26.2,0.02,813.4,0.1,9.0,0.0,9.0,0.4,885,86.2,0.32,False
108.0,93.17,7.71,26.2,0.02,821.0,0.1,9.2,0.0,9.2,0.4,891,87.0,0.32,False
109.0,92.91,7.71,26.3,0.02,828.6,0.1,9.3,0.0,9.3,0.4,896,87.8,0.33,False
110.0,92.64,7.71,26.3,0.02,836.2,0.1,9.5,0.0,9.5,0.4,902,88.7,0.34,False
111.0,92.38,7.71,26.4,0.02,843.8,0.1,9.7,0.0,9.7,0.5,908,89.5,0.35,False
112.0,92.12,7.71,26.4,0.02,851.3,0.1,9.9,0.0,9.9,0.5,913,90.4,0.36,False
113.0,91.86,7.71,26.5,0.02,858.9,0.1,10.1,0.0,10.1,0.5,919,91.2,0.37,False
114.0,91.59,7.71,26.5,0.02,866.5,0.1,10.3,0.0,10.3,0.5,925,92.1,0.38,False
115.0,91.33,7.71,26.6,0.02,874.1,0.1,10.5,0.0,10.5,0.5,930,93.0,0.38,False
116.0,91.07,7.71,26.7,0.02,881.7,0.1,10.7,0.0,10.7,0.5,936,93.9,0.39,False
117.0,90.8,7.71,26.7,0.02,889.3,0.1,10.9,0.0,10.9,0.5,942,94.7,0.4,False
118.0,90.54,7.71,26.8,0.02,896.9,0.1,11.1,0.0,11.1,0.5,948,95.6,0.41,False
119.0,90.27,7.71,26.8,0.02,904.5,0.1,11.3,0.0,11.3,0.5,953,96.5,0.42,False
120.0,90.01,7.71,26.9,0.03,912.1,0.1,11.5,0.0,11.5,0.6,959,97.4,0.43,False
121.0,89.74,7.71,26.9,0.03,919.7,0.1,11.7,0.0,11.7,0.6,965,98.3,0.44,False
122.0,89.48,7.71,27.0,0.03,927.3,0.1,12.0,0.0,12.0,0.6,971,99.2,0.45,False
123.0,89.21,7.7,27.1,0.03,934.9,0.1,12.2,0.0,12.2,0.6,977,100.1,0.46,False
124.0,88.95,7.7,27.1,0.03,942.5,0.1,12.4,0.0,12.4,0.6,983,101.0,0.47,False
125.0,88.68,7.7,27.2,0.03,950.1,0.1,12.7,0.0,12.7,0.6,989,102.0,0.48,False
126.0,88.41,7.7,27.3,0.03,957.7,0.1,12.9,0.0,12.9,0.6,995,102.9,0.5,False
127.0,88.15,7.7,27.3,0.03,965.3,0.1,13.2,0.0,13.2,0.6,1001,103.8,0.51,False
128.0,87.88,7.7,27.4,0.03,972.9,0.2,13.4,0.0,13.4,0.7,1007,104.7,0.52,False
129.0,87.61,7.7,27.4,0.04,980.5,0.2,13.7,0.0,13.7,0.7,1014,105.7,0.53,False
130.0,87.35,7.7,27.5,0.04,988.0,0.2,13.9,0.0,13.9,0.7,1020,106.6,0.54,False
131.0,87.08,7.7,27.6,0.04,995.6,0.2,14.2,0.0,14.2,0.7,1026,107.6,0.56,False
132.0,86.81,7.7,27.6,0.04,1003.2,0.2,14.5,0.0,14.5,0.7,1032,108.6,0.57,False
133.0,86.54,7.7,27.7,0.04,1010.8,0.2,14.8,0.0,14.8,0.7,1039,109.5,0.58,False
134.0,86.28,7.7,27.8,0.04,1018.4,0.2,15.1,0.0,15.1,0.7,1045,110.5,0.59,False
135.0,86.01,7.7,27.8,0.04,1026.0,0.2,15.4,0.0,15.4,0.8,1051,111.5,0.61,False
136.0,85.74,7.7,27.9,0.05,1033.6,0.2,15.7,0.0,15.7,0.8,1058,112.4,0.62,False
137.0,85.47,7.7,28.0,0.05,1041.2,0.2,16.0,0.0,16.0,0.8,1064,113.4,0.63,False
138.0,85.2,7.69,28.0,0.05,1048.8,0.2,16.3,0.0,16.3,0.8,1071,114.4,0.65,False
139.0,84.93,7.69,28.1,0.05,1056.4,0.2,15.5,0.0,15.5,0.8,1054,115.4,0.66,False
140.0,84.66,7.69,28.0,0.05,1063.9,0.2,15.8,0.0,15.8,0.8,1061,116.4,0.68,False
141.0,84.39,7.69,28.0,0.05,1071.5,0.2,16.2,0.0,16.2,0.9,1069,117.4,0.69,False
142.0,84.12,7.69,28.0,0.05,1079.1,0.2,16.6,0.0,16.6,0.9,1076,118.4,0.7,False
143.0,83.85,7.69,27.9,0.05,1086.7,0.2,16.9,0.0,16.9,0.9,1084,119.4,0.72,False
144.0,83.58,7.69,27.9,0.06,1094.3,0.3,17.3,0.0,17.3,0.9,1092,120.4,0.73,False
145.0,83.31,7.69,27.8,0.06,1101.9,0.3,17.7,0.0,17.7,0.9,1100,121.4,0.75,False
146.0,83.04,7.69,27.8,0.06,1109.5,0.3,18.1,0.0,18.1,0.9,1107,122.4,0.76,False
147.0,82.77,7.69,27.7,0.07,1117.0,0.3,18.5,0.0,18.5,1.0,1115,123.4,0.78,False
148.0,82.5,7.69,27.7,0.07,1124.6,0.3,19.0,0.0,19.0,1.0,1123,124.5,0.8,False
149.0,82.23,7.68,27.7,0.07,1132.2,0.3,19.4,0.0,19.4,1.0,1131,125.5,0.81,False
150.0,81.96,7.68,27.6,0.08,1139.8,0.3,19.8,0.0,19.8,1.0,1139,126.6,0.83,False
151.0,81.68,7.68,27.6,0.08,1147.4,0.3,20.3,0.0,20.3,1.0,1146,127.6,0.85,False
152.0,81.41,7.68,27.5,0.08,1155.0,0.4,20.7,0.0,20.7,1.1,1154,128.7,0.87,False
153.0,81.14,7.68,27.5,0.09,1162.5,0.4,21.2,0.0,21.2,1.1,1162,129.8,0.88,False
154.0,80.87,7.68,27.4,0.09,1170.1,0.4,21.7,0.0,21.7,1.1,1170,130.8,0.9,False
155.0,80.6,7.68,27.4,0.09,1177.7,0.4,22.1,0.0,22.1,1.1,1178,131.9,0.92,False
156.0,80.32,7.68,27.4,0.1,1185.3,0.4,22.6,0.0,22.6,1.1,1186,133.0,0.94,False
157.0,80.05,7.68,27.3,0.1,1192.8,0.5,23.1,0.0,23.1,1.2,1194,134.1,0.96,False
158.0,79.78,7.67,27.3,0.11,1200.4,0.5,23.6,0.0,23.6,1.2,1202,135.2,0.98,False
159.0,79.51,7.67,27.2,0.11,1208.0,0.5,24.1,0.0,24.1,1.2,1210,136.3,1.0,False
160.0,79.23,7.67,27.2,0.12,1215.6,0.5,24.7,0.0,24.7,1.2,1218,137.5,1.02,False
161.0,78.96,7.67,27.1,0.12,1223.1,0.5,25.2,0.0,25.2,1.3,1226,138.6,1.04,False
162.0,78.69,7.67,27.1,0.13,1230.7,0.6,25.8,0.0,25.8,1.3,1234,139.7,1.07,False
163.0,78.41,7.67,27.1,0.13,1238.3,0.6,26.3,0.0,26.3,1.3,1242,140.9,1.09,False
164.0,78.14,7.66,27.0,0.14,1245.8,0.6,26.9,0.0,26.9,1.3,1250,142.0,1.11,False
165.0,77.87,7.66,27.0,0.15,1253.4,0.6,27.5,0.0,27.5,1.4,1258,143.2,1.14,False
166.0,77.6,7.66,26.9,0.15,1261.0,0.7,28.0,0.0,28.0,1.4,1267,144.3,1.16,False
167.0,77.32,7.66,26.9,0.16,1268.5,0.7,28.6,0.0,28.6,1.4,1275,145.5,1.18,False
168.0,77.05,7.66,26.8,0.17,1276.1,0.7,29.2,0.0,29.2,1.5,1283,146.7,1.21,False
169.0,76.78,7.66,26.8,0.17,1283.7,0.8,29.9,0.0,29.9,1.5,1291,147.9,1.24,False
170.0,76.5,7.65,26.8,0.18,1291.2,0.8,30.5,0.0,30.5,1.5,1299,149.1,1.26,False
171.0,76.23,7.65,26.7,0.19,1298.8,0.8,31.1,0.0,31.1,1.5,1307,150.3,1.29,False
172.0,75.96,7.65,26.7,0.2,1306.3,0.9,31.8,0.0,31.8,1.6,1315,151.5,1.32,False
173.0,75.69,7.65,26.6,0.21,1313.9,0.9,32.4,0.0,32.4,1.6,1323,152.7,1.34,False
174.0,75.41,7.64,26.6,0.21,1321.4,1.0,33.1,0.0,33.1,1.6,1332,153.9,1.37,False
175.0,75.14,7.64,26.5,0.22,1329.0,1.0,33.8,0.0,33.8,1.7,1340,155.1,1.4,False
176.0,74.87,7.64,26.5,0.23,1336.5,1.0,34.5,0.0,34.5,1.7,1348,156.4,1.43,False
177.0,74.6,7.64,26.4,0.24,1344.1,1.1,35.2,0.0,35.2,1.7,1356,157.6,1.46,False
178.0,74.33,7.63,26.4,0.25,1351.6,1.1,35.9,0.0,35.9,1.8,1364,158.9,1.49,False
179.0,74.05,7.63,26.4,0.26,1359.2,1.2,36.6,0.0,36.6,1.8,1372,160.1,1.52,False
180.0,73.78,7.63,26.3,0.27,1366.7,1.2,37.3,0.0,37.3,1.8,1381,161.4,1.56,True
181.0,73.51,7.62,26.3,0.29,1374.2,1.3,38.1,0.0,38.1,1.9,1389,162.7,1.59,True
182.0,73.24,7.62,26.2,0.3,1381.8,1.3,38.8,0.0,38.8,1.9,1397,163.9,1.62,True
183.0,72.97,7.62,26.2,0.31,1389.3,1.4,39.6,0.0,39.6,2.0,1405,165.2,1.66,True
184.0,72.7,7.61,26.1,0.32,1396.8,1.4,40.3,0.0,40.3,2.0,1413,166.5,1.69,True
185.0,72.43,7.61,26.1,0.34,1404.3,1.5,41.1,0.0,41.1,2.0,1421,167.8,1.73,True
186.0,72.16,7.61,26.0,0.35,1411.9,1.6,41.9,0.0,41.9,2.1,1429,169.1,1.76,True
187.0,71.89,7.6,26.0,0.36,1419.4,1.6,42.7,0.0,42.7,2.1,1437,170.5,1.8,True
188.0,71.63,7.6,26.0,0.38,1426.9,1.7,43.5,0.0,43.5,2.2,1445,171.8,1.84,True
189.0,71.36,7.6,25.9,0.39,1434.4,1.7,44.3,0.0,44.3,2.2,1453,173.1,1.88,True
190.0,71.09,7.59,25.9,0.41,1441.9,1.8,45.1,0.0,45.1,2.3,1461,174.4,1.91,True
191.0,70.83,7.59,26.5,0.39,1449.4,1.7,43.9,0.0,43.9,2.3,1450,175.8,1.95,True
192.0,70.56,7.58,26.4,0.4,1456.9,1.8,44.8,0.0,44.8,2.4,1458,177.1,1.99,True
193.0,70.29,7.58,26.4,0.42,1464.4,1.9,45.6,0.0,45.6,2.4,1466,178.4,2.03,True
194.0,70.03,7.57,26.3,0.44,1471.9,1.9,46.5,0.0,46.5,2.4,1474,179.8,2.07,True
195.0,69.77,7.57,26.3,0.45,1479.4,2.0,47.3,0.0,47.3,2.5,1482,181.1,2.11,True
196.0,69.5,7.56,26.2,0.47,1486.9,2.1,48.2,0.0,48.2,2.5,1490,182.5,2.15,True
197.0,69.24,7.56,26.1,0.49,1494.3,2.2,49.0,0.0,49.0,2.6,1497,183.8,2.2,True
198.0,68.98,7.55,26.1,0.51,1501.8,2.3,49.9,0.0,49.9,2.6,1505,185.2,2.24,True
199.0,68.72,7.55,26.0,0.53,1509.3,2.4,50.8,0.0,50.8,2.7,1513,186.6,2.28,True
200.0,68.46,7.54,25.9,0.55,1516.7,2.4,51.7,0.0,51.7,2.7,1521,188.0,2.33,True
201.0,68.2,7.54,25.9,0.57,1524.2,2.5,52.5,0.0,52.5,2.8,1528,189.4,2.37,True
202.0,67.94,7.53,25.8,0.59,1531.6,2.6,53.4,0.0,53.4,2.8,1536,190.8,2.42,True
203.0,67.69,7.53,25.7,0.61,1539.1,2.7,54.3,0.0,54.3,2.9,1543,192.2,2.46,True
204.0,67.43,7.52,25.7,0.64,1546.5,2.8,55.2,0.0,55.2,3.0,1551,193.6,2.51,True
205.0,67.18,7.51,25.6,0.66,1554.0,2.9,56.1,0.0,56.1,3.0,1558,195.0,2.56,True
206.0,66.92,7.51,25.5,0.68,1561.4,3.0,57.0,0.0,57.0,3.1,1565,196.4,2.61,True
207.0,66.67,7.5,25.5,0.71,1568.8,3.1,57.9,0.0,57.9,3.1,1572,197.8,2.66,True
208.0,66.42,7.49,25.4,0.73,1576.2,3.3,58.8,0.0,58.8,3.2,1579,199.3,2.71,True
209.0,66.17,7.48,25.3,0.76,1583.6,3.4,59.7,0.0,59.7,3.2,1586,200.7,2.76,True
210.0,65.92,7.48,25.3,0.78,1591.0,3.5,60.5,0.0,60.5,3.3,1593,202.2,2.81,True
211.0,65.67,7.47,25.2,0.81,1598.4,3.6,61.4,0.0,61.4,3.4,1600,203.6,2.87,True
212.0,65.43,7.46,25.1,0.84,1605.8,3.7,62.3,0.0,62.3,3.4,1607,205.1,2.92,True
213.0,65.19,7.45,25.1,0.86,1613.2,3.8,63.2,0.0,63.2,3.5,1613,206.5,2.98,True
214.0,64.94,7.44,25.0,0.89,1620.5,4.0,64.1,0.0,64.1,3.5,1620,208.0,3.03,True
215.0,64.7,7.43,24.9,0.92,1627.9,4.1,64.9,0.0,64.9,3.6,1626,209.5,3.09,True
216.0,64.46,7.42,24.9,0.95,1635.3,4.2,65.8,0.0,65.8,3.7,1632,210.9,3.14,True
217.0,64.23,7.41,24.8,0.98,1642.6,4.4,66.6,0.0,66.6,3.7,1638,212.4,3.2,True
218.0,63.99,7.4,24.7,1.01,1649.9,4.5,67.4,0.0,67.4,3.8,1644,213.9,3.26,True
219.0,63.76,7.39,24.7,1.04,1657.3,4.6,68.3,0.0,68.3,3.9,1650,215.4,3.32,True
220.0,63.53,7.38,24.6,1.07,1664.6,4.8,69.1,0.0,69.1,3.9,1656,216.9,3.38,True
221.0,63.3,7.37,24.5,1.1,1671.9,4.9,69.9,0.0,69.9,4.0,1661,218.4,3.44,True
222.0,63.08,7.36,24.4,1.14,1679.2,5.1,70.7,0.0,70.7,4.1,1667,219.9,3.5,True
223.0,62.85,7.35,24.4,1.17,1686.4,5.2,71.4,0.0,71.4,4.2,1672,221.4,3.56,True
224.0,62.63,7.34,24.3,1.2,1693.7,5.3,72.2,0.0,72.2,4.2,1677,222.9,3.62,True
225.0,62.41,7.32,24.2,1.23,1701.0,5.5,72.9,0.0,72.9,4.3,1682,224.4,3.69,True
226.0,62.19,7.31,24.2,1.27,1708.2,5.6,73.6,0.0,73.6,4.4,1687,225.9,3.75,True
227.0,61.98,7.3,24.1,1.3,1715.4,5.8,74.3,0.0,74.3,4.5,1692,227.5,3.82,True
228.0,61.77,7.29,24.0,1.33,1722.7,5.9,75.0,0.0,75.0,4.5,1696,229.0,3.88,True
229.0,61.56,7.27,23.9,1.37,1729.9,6.1,75.7,0.0,75.7,4.6,1700,230.5,3.95,True
230.0,61.35,7.26,23.9,1.4,1737.1,6.2,76.3,0.0,76.3,4.7,1704,232.0,4.01,True
231.0,61.15,7.24,23.8,1.43,1744.3,6.4,76.9,0.0,76.9,4.8,1708,233.6,4.08,True
232.0,60.95,7.23,23.7,1.47,1751.4,6.5,77.5,0.0,77.5,4.8,1712,235.1,4.15,True
233.0,60.75,7.22,23.6,1.5,1758.6,6.7,78.1,0.0,78.1,4.9,1716,236.6,4.21,True
234.0,60.56,7.2,23.5,1.53,1765.7,6.8,78.6,0.0,78.6,5.0,1719,238.2,4.28,True
235.0,60.36,7.18,23.5,1.57,1772.8,7.0,79.1,0.0,79.1,5.1,1722,239.7,4.35,True
236.0,60.18,7.17,23.4,1.6,1779.9,7.1,79.6,0.0,79.6,5.1,1725,241.3,4.42,True
237.0,59.99,7.15,23.3,1.63,1787.0,7.3,80.1,0.0,80.1,5.2,1728,242.8,4.49,True
238.0,59.81,7.14,23.2,1.67,1794.1,7.4,80.5,0.0,80.5,5.3,1731,244.4,4.56,True
239.0,59.63,7.12,23.2,1.7,1801.2,7.6,80.9,0.0,80.9,5.4,1733,245.9,4.63,True
240.0,59.45,7.1,23.1,1.73,1808.2,7.7,81.3,0.0,81.3,5.5,1736,247.5,4.7,True
241.0,59.28,7.09,23.0,1.76,1815.3,7.8,81.6,0.0,81.6,5.6,1738,249.0,4.77,True
242.0,59.11,7.07,22.9,1.79,1822.3,8.0,81.9,0.0,81.9,5.6,1740,250.6,4.84,True
243.0,58.95,7.05,22.8,1.82,1829.3,8.1,82.2,0.0,82.2,5.7,1741,252.1,4.91,True
244.0,58.78,7.03,22.8,1.85,1836.2,8.2,82.4,0.0,82.4,5.8,1743,253.7,4.98,True
245.0,58.63,7.01,22.7,1.88,1843.2,8.4,82.6,0.0,82.6,5.9,1744,255.2,5.05,True
246.0,58.47,6.99,22.6,1.91,1850.1,8.5,82.8,0.0,82.8,6.0,1745,256.7,5.13,True
247.0,58.32,6.98,22.5,1.94,1857.1,8.6,82.9,0.0,82.9,6.0,1746,258.3,5.2,True
248.0,58.17,6.96,22.4,1.97,1864.0,8.7,83.1,0.0,83.1,6.1,1747,259.8,5.27,True
249.0,58.03,6.94,22.3,1.99,1870.8,8.9,83.1,0.0,83.1,6.2,1747,261.4,5.34,True
250.0,57.89,6.92,22.3,2.02,1877.7,9.0,83.2,0.0,83.2,6.3,1747,262.9,5.41,True
251.0,57.75,6.9,22.2,2.04,1884.6,9.1,83.2,0.0,83.2,6.4,1748,264.5,5.49,True
252.0,57.62,6.88,22.1,2.06,1891.4,9.2,83.2,0.0,83.2,6.5,1747,266.0,5.56,True
253.0,57.49,6.86,22.0,2.09,1898.2,9.3,83.1,0.0,83.1,6.5,1747,267.6,5.63,True
254.0,57.37,6.84,21.9,2.11,1905.0,9.4,83.1,0.0,83.1,6.6,1747,269.1,5.7,True
255.0,57.24,6.81,21.9,2.13,1911.7,9.5,82.9,0.0,82.9,6.7,1746,270.6,5.78,True
256.0,57.13,6.79,21.8,2.15,1918.5,9.6,82.8,0.0,82.8,6.8,1745,272.2,5.85,True
257.0,57.01,6.77,21.7,2.17,1925.2,9.6,82.6,0.0,82.6,6.9,1744,273.7,5.92,True
258.0,56.9,6.75,21.6,2.18,1931.9,9.7,82.4,0.0,82.4,7.0,1743,275.2,5.99,True
259.0,56.8,6.73,21.5,2.2,1938.6,9.8,82.2,0.0,82.2,7.0,1741,276.7,6.06,True
260.0,56.7,6.71,21.4,2.21,1945.3,9.8,81.9,0.0,81.9,7.1,1740,278.3,6.13,True
261.0,56.6,6.69,21.4,2.23,1951.9,9.9,81.7,0.0,81.7,7.2,1738,279.8,6.2,True
262.0,56.5,6.66,21.3,2.24,1958.5,10.0,81.3,0.0,81.3,7.3,1736,281.3,6.28,True
263.0,56.41,6.64,21.2,2.25,1965.1,10.0,81.0,0.0,81.0,7.4,1734,282.8,6.35,True
264.0,56.32,6.62,21.1,2.26,1971.7,10.1,80.7,0.0,80.7,7.4,1732,284.3,6.42,True
265.0,56.24,6.6,21.0,2.27,1978.2,10.1,80.3,0.0,80.3,7.5,1730,285.8,6.49,True
266.0,56.16,6.57,21.0,2.28,1984.8,10.1,79.9,0.0,79.9,7.6,1727,287.3,6.55,True
267.0,56.08,6.55,20.9,2.28,1991.3,10.2,79.4,0.0,79.4,7.7,1724,288.8,6.62,True
268.0,56.01,6.53,20.8,2.29,1997.8,10.2,79.0,0.0,79.0,7.8,1721,290.3,6.69,True
269.0,55.94,6.51,20.7,2.29,2004.2,10.2,78.5,0.0,78.5,7.8,1718,291.8,6.76,True
270.0,55.88,6.48,20.6,2.3,2010.7,10.2,78.0,0.0,78.0,7.9,1715,293.3,6.83,True
271.0,55.81,6.46,20.6,2.3,2017.1,10.2,77.5,0.0,77.5,8.0,1712,294.7,6.9,True
272.0,55.76,6.44,20.5,2.3,2023.5,10.2,77.0,0.0,77.0,8.1,1709,296.2,6.96,True
273.0,55.7,6.42,20.4,2.3,2029.9,10.2,76.5,0.0,76.5,8.2,1705,297.7,7.03,True
274.0,55.65,6.39,20.3,2.3,2036.2,10.2,75.9,0.0,75.9,8.2,1702,299.1,7.1,True
275.0,55.6,6.37,20.2,2.3,2042.5,10.2,75.3,0.0,75.3,8.3,1698,300.6,7.16,True
276.0,55.55,6.35,20.2,2.3,2048.8,10.2,74.7,0.0,74.7,8.4,1694,302.0,7.23,True
277.0,55.51,6.33,20.1,2.29,2055.1,10.2,74.2,0.0,74.2,8.5,1690,303.5,7.29,True
278.0,55.47,6.3,20.0,2.29,2061.4,10.2,73.6,0.0,73.6,8.5,1686,304.9,7.36,True
279.0,55.43,6.28,19.9,2.28,2067.6,10.1,72.9,0.0,72.9,8.6,1682,306.4,7.42,True
280.0,55.4,6.26,19.9,2.27,2073.9,10.1,72.3,0.0,72.3,8.7,1678,307.8,7.48,True
281.0,55.37,6.24,19.8,2.27,2080.0,10.1,71.7,0.0,71.7,8.7,1674,309.2,7.54,True
282.0,55.34,6.21,19.7,2.26,2086.2,10.0,71.0,0.0,71.0,8.8,1669,310.6,7.61,True
283.0,55.31,6.19,19.6,2.25,2092.4,10.0,70.4,0.0,70.4,8.9,1665,312.0,7.67,True
284.0,55.29,6.17,19.6,2.24,2098.5,10.0,69.8,0.0,69.8,9.0,1660,313.4,7.73,True
285.0,55.27,6.15,19.5,2.23,2104.6,9.9,69.1,0.0,69.1,9.0,1656,314.8,7.79,True
286.0,55.25,6.13,19.4,2.22,2110.7,9.9,68.4,0.0,68.4,9.1,1651,316.2,7.85,True
287.0,55.24,6.1,19.4,2.21,2116.8,9.8,67.8,0.0,67.8,9.2,1647,317.6,7.91,True
288.0,55.22,6.08,19.3,2.2,2122.8,9.8,67.1,0.0,67.1,9.2,1642,319.0,7.97,True
289.0,55.21,6.06,19.2,2.18,2128.8,9.7,66.5,0.0,66.5,9.3,1637,320.4,8.02,True
290.0,55.2,6.04,19.1,2.17,2134.8,9.7,65.8,0.0,65.8,9.4,1632,321.7,8.08,True
291.0,55.2,6.02,19.1,2.16,2140.8,9.6,65.1,0.0,65.1,9.4,1628,323.1,8.14,True
292.0,55.19,6.0,19.0,2.14,2146.8,9.5,64.5,0.0,64.5,9.5,1623,324.4,8.19,True
293.0,55.19,5.98,18.9,2.13,2152.7,9.5,63.8,0.0,63.8,9.6,1618,325.8,8.25,True
294.0,55.19,5.96,18.9,2.12,2158.6,9.4,63.1,0.0,63.1,9.6,1613,327.1,8.3,True
295.0,55.19,5.93,18.8,2.1,2164.5,9.3,62.5,0.0,62.5,9.7,1608,328.5,8.36,True
296.0,55.19,5.91,18.7,2.09,2170.4,9.3,61.8,0.0,61.8,9.7,1603,329.8,8.41,True
297.0,55.19,5.89,18.7,2.07,2176.2,9.2,61.2,0.0,61.2,9.8,1598,331.1,8.47,True
298.0,55.2,5.87,18.6,2.05,2182.1,9.1,60.5,0.0,60.5,9.9,1593,332.4,8.52,True
299.0,55.21,5.85,18.6,2.04,2187.9,9.1,59.9,0.0,59.9,9.9,1588,333.7,8.57,True
300.0,55.21,5.83,18.5,2.02,2193.7,9.0,59.3,0.0,59.3,10.0,1583,335.0,8.62,True
301.0,55.22,5.81,18.4,2.01,2199.5,8.9,58.6,0.0,58.6,10.0,1578,336.3,8.67,True
302.0,55.23,5.79,18.4,1.99,2205.2,8.9,58.0,0.0,58.0,10.1,1573,337.6,8.72,True
303.0,55.24,5.77,18.3,1.98,2211.0,8.8,57.4,0.0,57.4,10.2,1568,338.9,8.77,True
304.0,55.26,5.76,18.2,1.96,2216.7,8.7,56.8,0.0,56.8,10.2,1563,340.2,8.82,True
305.0,55.27,5.74,18.2,1.94,2222.4,8.6,56.1,0.0,56.1,10.3,1558,341.4,8.87,True
306.0,55.28,5.72,18.1,1.93,2228.1,8.6,55.5,0.0,55.5,10.3,1553,342.7,8.92,True
307.0,55.3,5.7,18.1,1.91,2233.7,8.5,54.9,0.0,54.9,10.4,1549,344.0,8.97,True
308.0,55.31,5.68,18.0,1.89,2239.4,8.4,54.4,0.0,54.4,10.4,1544,345.2,9.02,True
309.0,55.33,5.66,18.0,1.88,2245.0,8.4,53.8,0.0,53.8,10.5,1539,346.4,9.06,True
310.0,55.34,5.64,17.9,1.86,2250.6,8.3,53.2,0.0,53.2,10.6,1534,347.7,9.11,True
311.0,55.36,5.62,17.8,1.85,2256.2,8.2,52.6,0.0,52.6,10.6,1529,348.9,9.16,True
312.0,55.38,5.61,17.8,1.83,2261.7,8.1,52.1,0.0,52.1,10.7,1524,350.1,9.2,True
313.0,55.39,5.59,17.7,1.82,2267.3,8.1,51.5,0.0,51.5,10.7,1519,351.3,9.25,True
314.0,55.41,5.57,17.7,1.8,2272.8,8.0,51.0,0.0,51.0,10.8,1515,352.6,9.29,True
315.0,55.43,5.55,17.6,1.78,2278.4,7.9,50.4,0.0,50.4,10.8,1510,353.8,9.33,True
316.0,55.44,5.54,17.6,1.77,2283.9,7.9,49.9,0.0,49.9,10.9,1505,355.0,9.38,True
317.0,55.46,5.52,17.5,1.75,2289.3,7.8,49.4,0.0,49.4,10.9,1501,356.2,9.42,True
318.0,55.48,5.5,17.5,1.74,2294.8,7.7,48.9,0.0,48.9,11.0,1496,357.3,9.46,True
319.0,55.5,5.48,17.4,1.73,2300.2,7.7,48.4,0.0,48.4,11.0,1491,358.5,9.51,True
320.0,55.51,5.47,17.4,1.71,2305.7,7.6,47.9,0.0,47.9,11.1,1487,359.7,9.55,True
321.0,55.53,5.45,17.3,1.7,2311.1,7.6,47.4,0.0,47.4,11.1,1482,360.9,9.59,True
322.0,55.54,5.43,17.3,1.68,2316.5,7.5,46.9,0.0,46.9,11.1,1478,362.0,9.63,True
323.0,55.56,5.42,17.2,1.67,2321.9,7.4,46.5,0.0,46.5,11.2,1474,363.2,9.67,True
324.0,55.58,5.4,17.2,1.66,2327.2,7.4,46.0,0.0,46.0,11.2,1469,364.3,9.71,True
325.0,55.59,5.39,17.1,1.64,2332.6,7.3,45.5,0.0,45.5,11.3,1465,365.5,9.75,True
326.0,55.6,5.37,17.1,1.63,2337.9,7.3,45.1,0.0,45.1,11.3,1461,366.6,9.79,True
327.0,55.62,5.35,17.0,1.62,2343.2,7.2,44.7,0.0,44.7,11.4,1456,367.8,9.83,True
328.0,55.63,5.34,17.0,1.61,2348.5,7.1,44.2,0.0,44.2,11.4,1452,368.9,9.87,True
329.0,55.64,5.32,16.9,1.6,2353.8,7.1,43.8,0.0,43.8,11.5,1448,370.0,9.9,True
330.0,55.65,5.31,16.9,1.58,2359.1,7.0,43.4,0.0,43.4,11.5,1444,371.1,9.94,True
331.0,55.66,5.29,16.8,1.57,2364.3,7.0,43.0,0.0,43.0,11.6,1440,372.2,9.98,True
332.0,55.67,5.28,16.8,1.56,2369.6,6.9,42.6,0.0,42.6,11.6,1436,373.3,10.02,True
333.0,55.68,5.26,16.7,1.55,2374.8,6.9,42.2,0.0,42.2,11.6,1432,374.4,10.05,True
334.0,55.68,5.25,16.7,1.54,2380.0,6.9,41.8,0.0,41.8,11.7,1428,375.5,10.09,True
335.0,55.69,5.23,16.6,1.53,2385.2,6.8,41.4,0.0,41.4,11.7,1424,376.6,10.13,True
336.0,55.69,5.22,16.6,1.52,2390.4,6.8,41.1,0.0,41.1,11.8,1421,377.7,10.16,True
337.0,55.7,5.2,16.5,1.51,2395.6,6.7,40.7,0.0,40.7,11.8,1417,378.8,10.2,True
338.0,55.7,5.19,16.5,1.5,2400.7,6.7,40.4,0.0,40.4,11.8,1413,379.9,10.23,True
339.0,55.7,5.17,16.4,1.49,2405.8,6.6,40.0,0.0,40.0,11.9,1410,381.0,10.27,True
340.0,55.7,5.16,16.4,1.49,2411.0,6.6,39.7,0.0,39.7,11.9,1406,382.0,10.3,True
341.0,55.7,5.14,16.3,1.48,2416.1,6.6,39.4,0.0,39.4,12.0,1403,383.1,10.34,True
342.0,55.69,5.13,16.3,1.47,2421.2,6.5,39.0,0.0,39.0,12.0,1399,384.1,10.37,True
343.0,55.69,5.11,16.3,1.46,2426.2,6.5,38.7,0.0,38.7,12.0,1396,385.2,10.4,True
344.0,55.68,5.1,16.2,1.46,2431.3,6.5,38.4,0.0,38.4,12.1,1393,386.2,10.44,True
345.0,55.67,5.08,16.2,1.45,2436.4,6.4,38.1,0.0,38.1,12.1,1389,387.3,10.47,True
346.0,55.66,5.07,16.1,1.44,2441.4,6.4,37.8,0.0,37.8,12.2,1386,388.3,10.5,True
347.0,55.65,5.06,16.1,1.44,2446.4,6.4,37.5,0.0,37.5,12.2,1383,389.4,10.54,True
348.0,55.64,5.04,16.0,1.43,2451.4,6.4,37.2,0.0,37.2,12.2,1380,390.4,10.57,True
349.0,55.62,5.03,16.0,1.43,2456.4,6.3,37.0,0.0,37.0,12.3,1377,391.4,10.6,True
350.0,55.61,5.01,15.9,1.42,2461.4,6.3,36.7,0.0,36.7,12.3,1374,392.4,10.63,True
351.0,55.59,5.0,15.9,1.42,2466.4,6.3,36.4,0.0,36.4,12.3,1371,393.5,10.66,True
352.0,55.57,4.99,15.8,1.41,2471.3,6.3,36.2,0.0,36.2,12.4,1368,394.5,10.7,True
353.0,55.55,4.97,15.8,1.41,2476.2,6.3,35.9,0.0,35.9,12.4,1365,395.5,10.73,True
354.0,55.52,4.96,15.7,1.41,2481.2,6.3,35.7,0.0,35.7,12.4,1362,396.5,10.76,True
355.0,55.5,4.94,15.7,1.4,2486.1,6.2,35.4,0.0,35.4,12.5,1359,397.5,10.79,True
356.0,55.47,4.93,15.7,1.4,2491.0,6.2,35.2,0.0,35.2,12.5,1357,398.5,10.82,True
357.0,55.44,4.92,15.6,1.4,2495.9,6.2,35.0,0.0,35.0,12.6,1354,399.5,10.85,True
358.0,55.41,4.9,15.6,1.39,2500.7,6.2,34.8,0.0,34.8,12.6,1351,400.5,10.88,True
359.0,55.37,4.89,15.5,1.39,2505.6,6.2,34.5,0.0,34.5,12.6,1349,401.5,10.91,True
360.0,55.34,4.88,15.5,1.39,2510.4,6.2,34.3,0.0,34.3,12.7,1346,402.4,10.94,True
361.0,55.3,4.86,15.4,1.39,2515.2,6.2,34.1,0.0,34.1,12.7,1344,403.4,10.97,True
362.0,55.26,4.85,15.4,1.39,2520.1,6.2,33.9,0.0,33.9,12.7,1341,404.4,11.0,True
363.0,55.22,4.83,15.3,1.39,2524.9,6.2,33.7,0.0,33.7,12.8,1339,405.4,11.03,True
364.0,55.18,4.82,15.3,1.39,2529.7,6.2,33.5,0.0,33.5,12.8,1337,406.3,11.06,True
365.0,55.13,4.81,15.2,1.39,2534.4,6.2,33.3,0.0,33.3,12.8,1334,407.3,11.09,True
366.0,55.08,4.79,15.2,1.39,2539.2,6.2,33.1,0.0,33.1,12.9,1332,408.3,11.12,True
367.0,55.03,4.78,15.1,1.39,2543.9,6.2,33.0,0.0,33.0,12.9,1330,409.2,11.14,True
368.0,54.98,4.77,15.1,1.39,2548.7,6.2,32.8,0.0,32.8,12.9,1328,410.2,11.17,True
369.0,54.93,4.75,15.0,1.39,2553.4,6.2,32.6,0.0,32.6,13.0,1326,411.1,11.2,True
370.0,54.87,4.74,15.0,1.39,2558.1,6.2,32.5,0.0,32.5,13.0,1324,412.1,11.23,True
371.0,54.81,4.72,14.9,1.4,2562.8,6.2,32.3,0.0,32.3,13.0,1322,413.0,11.26,True
372.0,54.75,4.71,14.9,1.4,2567.5,6.2,32.1,0.0,32.1,13.1,1320,414.0,11.29,True
373.0,54.69,4.7,14.8,1.4,2572.1,6.2,32.0,0.0,32.0,13.1,1318,414.9,11.31,True
374.0,54.63,4.68,14.8,1.4,2576.8,6.2,31.8,0.0,31.8,13.1,1316,415.8,11.34,True
375.0,54.56,4.67,14.7,1.41,2581.4,6.3,31.7,0.0,31.7,13.2,1314,416.8,11.37,True
376.0,54.49,4.66,14.7,1.41,2586.0,6.3,31.5,0.0,31.5,13.2,1312,417.7,11.4,True
377.0,54.42,4.64,14.6,1.42,2590.6,6.3,31.4,0.0,31.4,13.2,1310,418.6,11.42,True
378.0,54.34,4.63,14.6,1.42,2595.2,6.3,31.2,0.0,31.2,13.2,1309,419.6,11.45,True
379.0,54.27,4.61,14.5,1.43,2599.8,6.3,31.1,0.0,31.1,13.3,1307,420.5,11.48,True
380.0,54.19,4.6,14.5,1.43,2604.4,6.4,31.0,0.0,31.0,13.3,1305,421.4,11.5,True
381.0,54.11,4.58,14.4,1.44,2608.9,6.4,30.8,0.0,30.8,13.3,1303,422.3,11.53,True
382.0,54.03,4.57,14.4,1.44,2613.5,6.4,30.7,0.0,30.7,13.4,1302,423.2,11.56,True
383.0,53.94,4.56,14.3,1.45,2618.0,6.4,30.6,0.0,30.6,13.4,1300,424.2,11.58,True
384.0,53.86,4.54,14.3,1.45,2622.5,6.5,30.5,0.0,30.5,13.4,1299,425.1,11.61,True
385.0,53.77,4.53,14.2,1.46,2627.0,6.5,30.3,0.0,30.3,13.5,1297,426.0,11.64,True
386.0,53.68,4.51,14.2,1.47,2631.5,6.5,30.2,0.0,30.2,13.5,1295,426.9,11.66,True
387.0,53.58,4.5,14.1,1.48,2636.0,6.6,30.1,0.0,30.1,13.5,1294,427.8,11.69,True
388.0,53.49,4.48,14.1,1.48,2640.4,6.6,30.0,0.0,30.0,13.6,1292,428.7,11.72,True
389.0,53.39,4.47,14.0,1.49,2644.9,6.6,29.9,0.0,29.9,13.6,1291,429.6,11.74,True
390.0,53.29,4.45,14.0,1.5,2649.3,6.7,29.7,0.0,29.7,13.6,1289,430.5,11.77,True
391.0,53.19,4.44,13.9,1.51,2653.7,6.7,29.6,0.0,29.6,13.6,1288,431.4,11.79,True
392.0,53.09,4.42,13.9,1.52,2658.1,6.8,29.5,0.0,29.5,13.7,1286,432.2,11.82,True
393.0,52.98,4.41,13.8,1.53,2662.5,6.8,29.4,0.0,29.4,13.7,1285,433.1,11.84,True
394.0,52.87,4.39,13.7,1.54,2666.8,6.8,29.3,0.0,29.3,13.7,1283,434.0,11.87,True
395.0,52.76,4.38,13.7,1.55,2671.2,6.9,29.2,0.0,29.2,13.8,1282,434.9,11.9,True
396.0,52.65,4.36,13.6,1.56,2675.5,6.9,29.1,0.0,29.1,13.8,1281,435.8,11.92,True
397.0,52.54,4.35,13.6,1.57,2679.8,7.0,29.0,0.0,29.0,13.8,1279,436.7,11.95,True
398.0,52.42,4.33,13.5,1.58,2684.2,7.0,28.9,0.0,28.9,13.8,1278,437.5,11.97,True
399.0,52.31,4.32,13.5,1.59,2688.4,7.1,28.8,0.0,28.8,13.9,1276,438.4,12.0,True
400.0,52.19,4.3,13.4,1.6,2692.7,7.1,28.6,0.0,28.6,13.9,1275,439.3,12.02,True
401.0,52.06,4.28,13.3,1.61,2697.0,7.2,28.5,0.0,28.5,13.9,1273,440.1,12.05,True
402.0,51.94,4.27,13.3,1.63,2701.2,7.2,28.4,0.0,28.4,14.0,1272,441.0,12.07,True
403.0,51.82,4.25,13.2,1.64,2705.4,7.3,28.3,0.0,28.3,14.0,1270,441.9,12.09,True
404.0,51.69,4.23,13.2,1.65,2709.6,7.3,28.2,0.0,28.2,14.0,1269,442.7,12.12,True
405.0,51.56,4.22,13.1,1.66,2713.8,7.4,28.1,0.0,28.1,14.0,1267,443.6,12.14,True
406.0,51.43,4.2,13.0,1.68,2718.0,7.5,28.0,0.0,28.0,14.1,1266,444.4,12.17,True
407.0,51.3,4.18,13.0,1.69,2722.2,7.5,27.9,0.0,27.9,14.1,1264,445.3,12.19,True
408.0,51.16,4.17,12.9,1.71,2726.3,7.6,27.8,0.0,27.8,14.1,1263,446.1,12.22,True
409.0,51.02,4.15,12.9,1.72,2730.4,7.6,27.7,0.0,27.7,14.2,1261,447.0,12.24,True
410.0,50.89,4.13,12.8,1.73,2734.5,7.7,27.5,0.0,27.5,14.2,1260,447.8,12.26,True
411.0,50.75,4.12,12.7,1.75,2738.6,7.8,27.4,0.0,27.4,14.2,1258,448.7,12.29,True
412.0,50.61,4.1,12.7,1.76,2742.7,7.8,27.3,0.0,27.3,14.2,1256,449.5,12.31,True
413.0,50.46,4.08,12.6,1.78,2746.8,7.9,27.2,0.0,27.2,14.3,1255,450.4,12.34,True
414.0,50.32,4.06,12.5,1.79,2750.8,8.0,27.1,0.0,27.1,14.3,1253,451.2,12.36,True
415.0,50.17,4.04,12.5,1.81,2754.8,8.0,26.9,0.0,26.9,14.3,1251,452.0,12.38,True
416.0,50.03,4.03,12.4,1.82,2758.8,8.1,26.8,0.0,26.8,14.3,1249,452.9,12.41,True
417.0,49.88,4.01,12.3,1.84,2762.8,8.2,26.7,0.0,26.7,14.4,1248,453.7,12.43,True
418.0,49.73,3.99,12.3,1.86,2766.8,8.3,26.6,0.0,26.6,14.4,1246,454.5,12.45,True
419.0,49.58,3.97,12.2,1.87,2770.7,8.3,26.4,0.0,26.4,14.4,1244,455.3,12.48,True
420.0,49.42,3.95,12.1,1.89,2774.7,8.4,26.3,0.0,26.3,14.5,1242,456.1,12.5,True
421.0,49.27,3.93,12.1,1.91,2778.6,8.5,26.1,0.0,26.1,14.5,1240,457.0,12.52,True
422.0,49.12,3.91,12.0,1.92,2782.5,8.6,26.0,0.0,26.0,14.5,1238,457.8,12.54,True
423.0,48.96,3.89,11.9,1.94,2786.3,8.6,25.9,0.0,25.9,14.5,1236,458.6,12.57,True
424.0,48.8,3.88,11.9,1.96,2790.2,8.7,25.7,0.0,25.7,14.6,1234,459.4,12.59,True
425.0,48.64,3.86,11.8,1.97,2794.0,8.8,25.6,0.0,25.6,14.6,1231,460.2,12.61,True
426.0,48.48,3.84,11.7,1.99,2797.9,8.8,25.4,0.0,25.4,14.6,1229,461.0,12.63,True
427.0,48.32,3.82,11.7,2.01,2801.7,8.9,25.3,0.0,25.3,14.6,1227,461.8,12.65,True
428.0,48.16,3.8,11.6,2.02,2805.4,9.0,25.1,0.0,25.1,14.7,1224,462.6,12.68,True
429.0,48.0,3.78,11.5,2.04,2809.2,9.1,24.9,0.0,24.9,14.7,1222,463.4,12.7,True
430.0,47.83,3.76,11.4,2.06,2812.9,9.2,24.8,0.0,24.8,14.7,1219,464.2,12.72,True
431.0,47.67,3.73,11.4,2.07,2816.6,9.2,24.6,0.0,24.6,14.7,1217,464.9,12.74,True
432.0,47.5,3.71,11.3,2.09,2820.3,9.3,24.4,0.0,24.4,14.8,1214,465.7,12.76,True
433.0,47.33,3.69,11.2,2.11,2824.0,9.4,24.2,0.0,24.2,14.8,1211,466.5,12.78,True
434.0,47.17,3.67,11.1,2.13,2827.7,9.5,24.1,0.0,24.1,14.8,1209,467.3,12.8,True
435.0,47.0,3.65,11.1,2.14,2831.3,9.5,23.8,0.0,23.8,14.8,1205,468.0,12.83,True
436.0,46.83,3.63,11.0,2.16,2834.9,9.6,23.7,0.0,23.7,14.9,1203,468.8,12.85,True
437.0,46.66,3.61,11.0,2.19,2838.5,9.7,23.6,0.0,23.6,14.9,1201,469.6,12.87,True
438.0,46.49,3.58,10.9,2.21,2842.1,9.8,23.4,0.0,23.4,14.9,1198,470.3,12.89,False
439.0,46.32,3.56,10.8,2.24,2845.6,9.9,23.2,0.0,23.2,14.9,1196,471.1,12.91,False
440.0,46.15,3.54,10.8,2.26,2849.1,10.1,23.1,0.0,23.1,14.9,1193,471.8,12.93,False
441.0,45.98,3.52,10.7,2.28,2852.6,10.2,22.9,0.0,22.9,15.0,1190,472.6,12.95,False
442.0,45.81,3.49,10.7,2.31,2856.1,10.3,22.7,0.0,22.7,15.0,1188,473.3,12.97,False
443.0,45.63,3.47,10.6,2.33,2859.6,10.4,22.5,0.0,22.5,15.0,1185,474.1,12.99,False
444.0,45.46,3.45,10.5,2.36,2863.0,10.5,22.3,0.0,22.3,15.0,1182,474.8,13.01,False
445.0,45.29,3.42,10.5,2.38,2866.4,10.6,22.2,0.0,22.2,15.1,1178,475.5,13.03,False
446.0,45.12,3.4,10.4,2.41,2869.8,10.7,22.0,0.0,22.0,15.1,1175,476.3,13.04,False
447.0,44.94,3.38,10.3,2.43,2873.2,10.8,21.7,0.0,21.7,15.1,1172,477.0,13.06,False
448.0,44.77,3.35,10.3,2.45,2876.5,10.9,21.5,0.0,21.5,15.1,1168,477.7,13.08,False
449.0,44.6,3.33,10.2,2.48,2879.8,11.0,21.3,0.0,21.3,15.1,1165,478.4,13.1,False
450.0,44.42,3.3,10.1,2.5,2883.1,11.1,21.1,0.0,21.1,15.2,1161,479.1,13.12,False
451.0,44.25,3.28,10.1,2.52,2886.4,11.2,20.9,0.0,20.9,15.2,1157,479.8,13.14,False
452.0,44.08,3.25,10.0,2.54,2889.6,11.3,20.6,0.0,20.6,15.2,1153,480.5,13.16,False
453.0,43.91,3.23,9.9,2.56,2892.8,11.4,20.4,0.0,20.4,15.2,1149,481.2,13.17,False
454.0,43.74,3.2,9.9,2.59,2896.0,11.5,20.2,0.0,20.2,15.3,1145,481.9,13.19,False
455.0,43.57,3.17,9.8,2.61,2899.2,11.6,19.9,0.0,19.9,15.3,1140,482.6,13.21,False
456.0,43.4,3.15,9.7,2.63,2902.3,11.7,19.7,0.0,19.7,15.3,1136,483.3,13.22,False
457.0,43.23,3.12,9.7,2.65,2905.4,11.8,19.4,0.0,19.4,15.3,1131,484.0,13.24,False
458.0,43.06,3.1,9.6,2.66,2908.5,11.9,19.1,0.0,19.1,15.3,1126,484.6,13.26,False
459.0,42.89,3.07,9.5,2.68,2911.6,11.9,18.9,0.0,18.9,15.3,1122,485.3,13.28,False
460.0,42.72,3.04,9.4,2.7,2914.6,12.0,18.6,0.0,18.6,15.4,1117,486.0,13.29,False
461.0,42.55,3.01,9.4,2.72,2917.6,12.1,18.3,0.0,18.3,15.4,1111,486.6,13.31,False
462.0,42.38,2.99,9.3,2.73,2920.6,12.2,18.1,0.0,18.1,15.4,1106,487.3,13.32,False
463.0,42.22,2.96,9.2,2.75,2923.6,12.2,17.8,0.0,17.8,15.4,1101,487.9,13.34,False
464.0,42.05,2.93,9.1,2.76,2926.5,12.3,17.5,0.0,17.5,15.4,1095,488.5,13.35,False
465.0,41.89,2.9,9.1,2.77,2929.4,12.3,17.2,0.0,17.2,15.5,1090,489.2,13.37,False
466.0,41.72,2.88,9.0,2.79,2932.3,12.4,16.9,0.0,16.9,15.5,1084,489.8,13.38,False
467.0,41.56,2.85,8.9,2.8,2935.1,12.4,16.6,0.0,16.6,15.5,1078,490.4,13.4,False
468.0,41.4,2.82,8.8,2.81,2937.9,12.5,16.3,0.0,16.3,15.5,1072,491.0,13.41,False
469.0,41.24,2.79,8.7,2.82,2940.7,12.5,16.0,0.0,16.0,15.5,1066,491.6,13.43,False
470.0,41.08,2.76,8.7,2.83,2943.5,12.6,15.7,0.0,15.7,15.5,1059,492.2,13.44,False
471.0,40.92,2.74,8.6,2.83,2946.2,12.6,15.4,0.0,15.4,15.6,1053,492.8,13.45,False
472.0,40.76,2.71,8.5,2.84,2948.9,12.6,15.1,0.0,15.1,15.6,1046,493.4,13.47,False
473.0,40.6,2.68,8.4,2.84,2951.6,12.7,14.8,0.0,14.8,15.6,1040,493.9,13.48,False
474.0,40.45,2.65,8.3,2.85,2954.2,12.7,14.5,0.0,14.5,15.6,1033,494.5,13.49,False
475.0,40.29,2.62,8.2,2.85,2956.8,12.7,14.2,0.0,14.2,15.6,1026,495.0,13.51,False
476.0,40.14,2.59,8.2,2.85,2959.4,12.7,13.9,0.0,13.9,15.6,1019,495.6,13.52,False
477.0,39.98,2.57,8.1,2.86,2962.0,12.7,13.6,0.0,13.6,15.6,1012,496.1,13.53,False
478.0,39.83,2.54,8.0,2.86,2964.5,12.7,13.3,0.0,13.3,15.7,1005,496.7,13.54,False
479.0,39.68,2.51,7.9,2.86,2967.0,12.7,13.0,0.0,13.0,15.7,998,497.2,13.55,False
480.0,39.53,2.48,7.8,2.85,2969.5,12.7,12.7,0.0,12.7,15.7,990,497.7,13.56,False
481.0,39.38,2.45,7.7,2.85,2972.0,12.7,12.4,0.0,12.4,15.7,983,498.2,13.57,False
482.0,39.23,2.42,7.7,2.85,2974.4,12.7,12.1,0.0,12.1,15.7,975,498.7,13.58,False
483.0,39.08,2.39,7.6,2.84,2976.8,12.6,11.8,0.0,11.8,15.7,968,499.2,13.6,False
484.0,38.93,2.37,7.5,2.84,2979.1,12.6,11.5,0.0,11.5,15.7,960,499.7,13.61,False
485.0,38.78,2.34,7.4,2.83,2981.5,12.6,11.3,0.0,11.3,15.7,952,500.2,13.62,False
486.0,38.64,2.31,7.3,2.82,2983.8,12.6,11.0,0.0,11.0,15.8,945,500.6,13.62,False
487.0,38.49,2.28,7.2,2.82,2986.1,12.5,10.7,0.0,10.7,15.8,937,501.1,13.63,False
488.0,38.35,2.25,7.2,2.81,2988.3,12.5,10.4,0.0,10.4,15.8,929,501.5,13.64,False
489.0,38.2,2.22,7.1,2.8,2990.5,12.4,10.1,0.0,10.1,15.8,921,502.0,13.65,False
490.0,38.06,2.2,7.0,2.79,2992.7,12.4,9.9,0.0,9.9,15.8,912,502.4,13.66,False
491.0,37.92,2.17,6.9,2.78,2994.9,12.3,9.6,0.0,9.6,15.8,904,502.8,13.67,False
492.0,37.78,2.14,6.8,2.76,2997.0,12.3,9.3,0.0,9.3,15.8,896,503.2,13.68,False
493.0,37.63,2.11,6.7,2.75,2999.2,12.2,9.1,0.0,9.1,15.8,888,503.6,13.69,False
494.0,37.49,2.09,6.7,2.74,3001.2,12.2,8.8,0.0,8.8,15.8,880,504.0,13.69,False
495.0,37.35,2.06,6.6,2.72,3003.3,12.1,8.6,0.0,8.6,15.8,871,504.4,13.7,False
496.0,37.21,2.03,6.5,2.71,3005.3,12.0,8.3,0.0,8.3,15.8,863,504.8,13.71,False
497.0,37.07,2.0,6.4,2.69,3007.3,12.0,8.1,0.0,8.1,15.9,854,505.1,13.72,False
498.0,36.93,1.98,6.3,2.68,3009.3,11.9,7.8,0.0,7.8,15.9,846,505.5,13.72,False
499.0,36.79,1.95,6.3,2.66,3011.3,11.8,7.6,0.0,7.6,15.9,837,505.9,13.73,False
500.0,36.65,1.92,6.2,2.65,3013.2,11.8,7.4,0.0,7.4,15.9,829,506.2,13.74,False
501.0,36.51,1.9,6.1,2.63,3015.1,11.7,7.1,0.0,7.1,15.9,820,506.5,13.74,False
502.0,36.37,1.87,6.0,2.61,3017.0,11.6,6.9,0.0,6.9,15.9,812,506.8,13.75,False
503.0,36.23,1.84,5.9,2.59,3018.8,11.5,6.7,0.0,6.7,15.9,803,507.2,13.75,False
504.0,36.09,1.82,5.9,2.57,3020.6,11.5,6.5,0.0,6.5,15.9,795,507.5,13.76,False
505.0,35.95,1.79,5.8,2.56,3022.4,11.4,6.3,0.0,6.3,15.9,786,507.7,13.76,False
506.0,35.81,1.77,5.7,2.54,3024.2,11.3,6.1,0.0,6.1,15.9,778,508.0,13.77,False
507.0,35.67,1.74,5.6,2.52,3025.9,11.2,5.9,0.0,5.9,15.9,769,508.3,13.78,False
508.0,35.53,1.71,5.5,2.5,3027.6,11.1,5.7,0.0,5.7,15.9,760,508.6,13.78,False
509.0,35.39,1.69,5.5,2.48,3029.3,11.0,5.5,0.0,5.5,15.9,752,508.8,13.78,False
510.0,35.25,1.66,5.4,2.46,3031.0,10.9,5.3,0.0,5.3,15.9,743,509.1,13.79,False
511.0,35.11,1.64,5.3,2.44,3032.6,10.8,5.1,0.0,5.1,15.9,734,509.3,13.79,False
512.0,34.97,1.62,5.2,2.42,3034.2,10.8,5.0,0.0,5.0,16.0,726,509.5,13.8,False
513.0,34.83,1.59,5.2,2.4,3035.8,10.7,4.8,0.0,4.8,16.0,717,509.8,13.8,False
514.0,34.69,1.57,5.1,2.38,3037.4,10.6,4.6,0.0,4.6,16.0,708,510.0,13.81,False
515.0,34.54,1.54,5.0,2.36,3038.9,10.5,4.5,0.0,4.5,16.0,700,510.2,13.81,False
516.0,34.4,1.52,4.9,2.34,3040.5,10.4,4.3,0.0,4.3,16.0,691,510.4,13.81,False
517.0,34.26,1.49,4.9,2.32,3042.0,10.3,4.2,0.0,4.2,16.0,682,510.5,13.82,False
518.0,34.11,1.47,4.8,2.29,3043.4,10.2,4.0,0.0,4.0,16.0,674,510.7,13.82,False
519.0,33.97,1.45,4.7,2.27,3044.9,10.1,3.9,0.0,3.9,16.0,665,510.9,13.83,False
520.0,33.82,1.42,4.6,2.25,3046.3,10.0,3.7,0.0,3.7,16.0,657,511.0,13.83,False
521.0,33.67,1.4,4.6,2.23,3047.7,9.9,3.6,0.0,3.6,16.0,648,511.2,13.83,False
522.0,33.53,1.38,4.5,2.21,3049.1,9.8,3.5,0.0,3.5,16.0,639,511.3,13.83,False
523.0,33.38,1.36,4.4,2.19,3050.4,9.7,3.3,0.0,3.3,16.0,631,511.4,13.84,False
524.0,33.23,1.33,4.4,2.17,3051.8,9.6,3.2,0.0,3.2,16.0,622,511.6,13.84,False
525.0,33.08,1.31,4.3,2.15,3053.1,9.6,3.1,0.0,3.1,16.0,613,511.7,13.84,False
526.0,32.93,1.29,4.2,2.13,3054.4,9.5,3.0,0.0,3.0,16.0,605,511.8,13.85,False
527.0,32.78,1.27,4.2,2.1,3055.6,9.4,2.9,0.0,2.9,16.0,596,511.9,13.85,False
528.0,32.62,1.25,4.1,2.08,3056.9,9.3,2.7,0.0,2.7,16.0,588,511.9,13.85,False
529.0,32.47,1.22,4.0,2.06,3058.1,9.2,2.6,0.0,2.6,16.0,579,512.0,13.85,False
530.0,32.32,1.2,4.0,2.04,3059.3,9.1,2.5,0.0,2.5,16.0,571,512.1,13.86,False
531.0,32.16,1.18,3.9,2.02,3060.5,9.0,2.4,0.0,2.4,16.0,562,512.1,13.86,False
532.0,32.0,1.16,3.8,2.0,3061.6,8.9,2.3,0.0,2.3,16.0,553,512.2,13.86,False
533.0,31.85,1.14,3.8,1.98,3062.8,8.8,2.2,0.0,2.2,16.0,545,512.2,13.86,False
534.0,31.69,1.12,3.7,1.95,3063.9,8.7,2.1,0.0,2.1,16.0,536,512.2,13.86,False
535.0,31.53,1.1,3.6,1.93,3065.0,8.6,2.0,0.0,2.0,16.0,527,512.3,13.86,False
536.0,31.37,1.08,3.6,1.9,3066.0,8.5,2.0,0.0,2.0,16.0,519,512.3,13.86,False
537.0,31.2,1.06,3.5,1.88,3067.1,8.4,1.9,0.0,1.9,16.0,510,512.3,13.86,False
538.0,31.04,1.04,3.4,1.86,3068.1,8.3,1.8,0.0,1.8,16.0,501,512.3,13.86,False
539.0,30.88,1.02,3.4,1.83,3069.1,8.2,1.7,0.0,1.7,16.0,493,512.3,13.86,False
540.0,30.71,1.0,3.3,1.81,3070.1,8.0,1.6,0.0,1.6,16.0,484,512.2,13.86,False
541.0,30.55,0.98,3.2,1.79,3071.1,7.9,1.6,0.0,1.6,16.0,476,512.2,13.86,False
542.0,30.38,0.96,3.2,1.76,3072.1,7.8,1.5,0.0,1.5,16.0,467,512.2,13.86,False
543.0,30.21,0.94,3.1,1.74,3073.0,7.7,1.4,0.0,1.4,16.0,459,512.1,13.86,False
544.0,30.04,0.92,3.1,1.71,3073.9,7.6,1.4,0.0,1.4,16.0,450,512.0,13.86,False
545.0,29.87,0.9,3.0,1.69,3074.8,7.5,1.3,0.0,1.3,16.0,441,512.0,13.86,False
546.0,29.7,0.89,2.9,1.67,3075.7,7.4,1.2,0.0,1.2,16.0,433,511.9,13.86,False
547.0,29.52,0.87,2.9,1.64,3076.5,7.3,1.2,0.0,1.2,16.0,424,511.8,13.86,False
548.0,29.35,0.85,2.8,1.62,3077.4,7.2,1.1,0.0,1.1,16.0,416,511.7,13.86,False
549.0,29.17,0.83,2.8,1.59,3078.2,7.1,1.1,0.0,1.1,16.1,407,511.6,13.86,False
550.0,28.99,0.81,2.7,1.57,3079.0,7.0,1.0,0.0,1.0,16.1,399,511.5,13.86,False
551.0,28.82,0.8,2.6,1.55,3079.8,6.9,1.0,0.0,1.0,16.1,390,511.4,13.86,False
552.0,28.64,0.78,2.6,1.52,3080.5,6.8,0.9,0.0,0.9,16.1,382,511.2,13.86,False
553.0,28.46,0.76,2.5,1.5,3081.3,6.7,0.9,0.0,0.9,16.1,373,511.1,13.86,False
554.0,28.28,0.75,2.5,1.47,3082.0,6.5,0.8,0.0,0.8,16.1,365,510.9,13.86,False
555.0,28.09,0.73,2.4,1.45,3082.7,6.4,0.8,0.0,0.8,16.1,356,510.8,13.86,False
556.0,27.91,0.71,2.4,1.42,3083.4,6.3,0.7,0.0,0.7,16.1,348,510.6,13.86,False
557.0,27.73,0.7,2.3,1.4,3084.1,6.2,0.7,0.0,0.7,16.1,339,510.4,13.86,False
558.0,27.54,0.68,2.3,1.37,3084.8,6.1,0.7,0.0,0.7,16.1,330,510.3,13.86,False
559.0,27.36,0.66,2.2,1.35,3085.4,6.0,0.6,0.0,0.6,16.1,322,510.1,13.86,False
560.0,27.17,0.65,2.2,1.32,3086.0,5.9,0.6,0.0,0.6,16.1,313,509.9,13.86,False
561.0,26.98,0.63,2.1,1.3,3086.7,5.8,0.6,0.0,0.6,16.1,305,509.7,13.86,False
562.0,26.79,0.62,2.1,1.27,3087.3,5.6,0.5,0.0,0.5,16.1,296,509.4,13.86,False
563.0,26.6,0.6,2.0,1.24,3087.8,5.5,0.5,0.0,0.5,16.1,288,509.2,13.86,False
564.0,26.41,0.59,2.0,1.22,3088.4,5.4,0.5,0.0,0.5,16.1,279,509.0,13.86,False
565.0,26.22,0.57,1.9,1.19,3088.9,5.3,0.4,0.0,0.4,16.1,270,508.7,13.86,False
566.0,26.03,0.56,1.9,1.16,3089.5,5.2,0.4,0.0,0.4,16.1,262,508.5,13.86,False
567.0,25.84,0.54,1.8,1.14,3090.0,5.1,0.4,0.0,0.4,16.1,253,508.2,13.86,False
568.0,25.65,0.53,1.8,1.11,3090.5,4.9,0.4,0.0,0.4,16.1,244,507.9,13.86,False
569.0,25.46,0.51,1.7,1.08,3091.0,4.8,0.3,0.0,0.3,16.1,236,507.7,13.86,False
570.0,25.27,0.5,1.7,1.06,3091.4,4.7,0.3,0.0,0.3,16.1,227,507.4,13.86,False
571.0,25.07,0.48,1.6,1.03,3091.9,4.6,0.3,0.0,0.3,16.1,218,507.1,13.86,False
572.0,24.88,0.47,1.6,1.0,3092.3,4.4,0.3,0.0,0.3,16.1,209,506.8,13.86,False
573.0,24.69,0.46,1.5,0.97,3092.7,4.3,0.3,0.0,0.3,16.1,201,506.5,13.86,False
574.0,24.5,0.44,1.5,0.94,3093.1,4.2,0.2,0.0,0.2,16.1,192,506.1,13.86,False
575.0,24.31,0.43,1.4,0.91,3093.5,4.1,0.2,0.0,0.2,16.1,183,505.8,13.86,False
576.0,24.12,0.42,1.4,0.89,3093.9,3.9,0.2,0.0,0.2,16.1,174,505.5,13.86,False
577.0,23.92,0.4,1.4,0.86,3094.3,3.8,0.2,0.0,0.2,16.1,165,505.1,13.86,False
578.0,23.73,0.39,1.3,0.83,3094.6,3.7,0.2,0.0,0.2,16.1,156,504.8,13.86,False
579.0,23.55,0.38,1.3,0.8,3095.0,3.5,0.2,0.0,0.2,16.1,147,504.4,13.86,False
580.0,23.36,0.36,1.2,0.77,3095.3,3.4,0.1,0.0,0.1,16.1,138,504.0,13.86,False
581.0,23.17,0.35,1.2,0.74,3095.6,3.3,0.1,0.0,0.1,16.1,129,503.6,13.86,False
582.0,22.98,0.34,1.1,0.71,3095.9,3.1,0.1,0.0,0.1,16.1,120,503.2,13.86,False
583.0,22.8,0.33,1.1,0.68,3096.2,3.0,0.1,0.0,0.1,16.1,111,502.8,13.86,False
584.0,22.62,0.32,1.1,0.65,3096.4,2.9,0.1,0.0,0.1,16.1,102,502.4,13.86,False
585.0,22.44,0.3,1.0,0.62,3096.7,2.7,0.1,0.0,0.1,16.1,92,502.0,13.86,False
586.0,22.26,0.29,1.0,0.59,3096.9,2.6,0.1,0.0,0.1,16.1,83,501.6,13.86,False
587.0,22.08,0.28,0.9,0.56,3097.2,2.5,0.1,0.0,0.1,16.1,73,501.1,13.86,False
588.0,21.91,0.27,0.9,0.53,3097.4,2.3,0.1,0.0,0.1,16.1,64,500.7,13.86,False
589.0,21.73,0.26,0.9,0.5,3097.6,2.2,0.1,0.0,0.1,16.1,54,500.2,13.86,False
590.0,21.57,0.25,0.8,0.47,3097.8,2.1,0.1,0.0,0.1,16.1,45,499.7,13.86,False
591.0,21.4,0.24,0.8,0.44,3097.9,1.9,0.0,0.0,0.0,16.1,35,499.3,13.86,False
592.0,21.24,0.22,0.8,0.41,3098.1,1.8,0.0,0.0,0.0,16.1,25,498.8,13.86,False
593.0,21.08,0.21,0.7,0.38,3098.2,1.7,0.0,0.0,0.0,16.1,20,498.3,13.86,False
594.0,20.93,0.2,0.7,0.35,3098.4,1.6,0.0,0.0,0.0,16.1,20,497.8,13.86,False
595.0,20.78,0.19,0.6,0.32,3098.5,1.4,0.0,0.0,0.0,16.1,20,497.3,13.86,False
596.0,20.63,0.18,0.6,0.29,3098.6,1.3,0.0,0.0,0.0,16.1,20,496.8,13.86,False
597.0,20.49,0.17,0.6,0.27,3098.7,1.2,0.0,0.0,0.0,16.1,20,496.3,13.86,False
598.0,20.36,0.16,0.5,0.24,3098.8,1.1,0.0,0.0,0.0,16.1,20,495.8,13.86,False
599.0,20.23,0.15,0.5,0.22,3098.9,1.0,0.0,0.0,0.0,16.1,20,495.3,13.86,False
600.0,20.1,0.14,0.5,0.19,3099.0,0.8,0.0,0.0,0.0,16.1,20,494.8,13.86,False
601.0,19.99,0.13,0.4,0.17,3099.1,0.7,0.0,0.0,0.0,16.1,20,494.3,13.86,False
602.0,19.88,0.12,0.4,0.14,3099.1,0.6,0.0,0.0,0.0,16.1,20,493.8,13.86,False
603.0,19.77,0.11,0.4,0.12,3099.2,0.5,0.0,0.0,0.0,16.1,20,493.3,13.86,False
604.0,19.68,0.1,0.3,0.1,3099.2,0.5,0.0,0.0,0.0,16.1,20,492.8,13.86,False
605.0,19.59,0.09,0.3,0.09,3099.3,0.4,0.0,0.0,0.0,16.1,20,492.3,13.86,False
606.0,19.51,0.08,0.3,0.07,3099.3,0.3,0.0,0.0,0.0,16.1,20,491.8,13.86,False
607.0,19.43,0.07,0.2,0.05,3099.3,0.2,0.0,0.0,0.0,16.1,20,491.4,13.86,False
608.0,19.37,0.06,0.2,0.04,3099.3,0.2,0.0,0.0,0.0,16.1,20,490.9,13.86,False
609.0,19.32,0.05,0.2,0.03,3099.4,0.1,0.0,0.0,0.0,16.1,20,490.4,13.86,False
