time,altitude_km,velocity_ms,accel_g,fuel_remaining_kg,dynamic_pressure_kPa
0.0,0.0,0.5,0.52,292000.0,0.0
2.0,0.01,10.9,0.54,288790.0,0.07
4.0,0.04,21.5,0.55,285581.0,0.28
6.0,0.1,32.5,0.57,282371.0,0.64
8.0,0.17,43.8,0.58,279162.0,1.15
10.0,0.27,55.4,0.6,275952.0,1.82
12.0,0.4,67.3,0.62,272742.0,2.64
14.0,0.54,79.5,0.63,269533.0,3.63
16.0,0.71,92.1,0.65,266323.0,4.77
18.0,0.91,104.9,0.67,263114.0,6.06
20.0,1.13,118.2,0.68,259904.0,7.49
22.0,1.38,131.7,0.7,256694.0,9.03
24.0,1.66,145.7,0.72,253485.0,10.69
26.0,1.97,159.9,0.74,250275.0,12.43
28.0,2.3,174.6,0.76,247066.0,14.24
30.0,2.66,189.6,0.78,243856.0,16.1
32.0,3.06,205.0,0.79,240646.0,17.96
34.0,3.48,220.8,0.82,237437.0,19.82
36.0,3.94,237.0,0.84,234227.0,21.64
38.0,4.43,253.6,0.86,231018.0,23.39
40.0,4.95,270.6,0.88,227808.0,25.05
42.0,5.51,288.1,0.9,224598.0,26.58
44.0,6.1,306.0,0.93,221389.0,27.97
46.0,6.73,324.4,0.95,218179.0,29.19
48.0,7.4,343.2,0.97,214970.0,30.23
50.0,8.1,362.6,1.0,211760.0,31.06
52.0,8.84,382.5,1.03,208550.0,31.67
54.0,9.62,402.9,1.06,205341.0,32.06
56.0,10.44,423.9,1.08,202131.0,32.21
58.0,11.31,445.5,1.11,198922.0,32.14
60.0,12.21,467.6,1.15,195712.0,31.83
62.0,13.16,490.4,1.18,192502.0,31.3
64.0,14.16,513.8,1.21,189293.0,30.57
66.0,15.2,537.9,1.25,186083.0,29.63
68.0,16.29,562.7,1.28,182874.0,28.52
70.0,17.43,588.3,1.32,179664.0,27.26
72.0,18.62,614.5,1.36,176454.0,25.86
74.0,19.87,641.5,1.4,173245.0,24.35
76.0,21.16,669.4,1.44,170035.0,22.77
78.0,22.51,698.0,1.48,166826.0,21.12
80.0,23.92,727.5,1.53,163616.0,19.45
82.0,25.38,757.9,1.57,160406.0,17.76
84.0,26.91,789.3,1.62,157197.0,16.1
86.0,28.49,821.5,1.67,153987.0,14.47
88.0,30.14,854.7,1.72,150778.0,12.91
90.0,31.85,889.0,1.77,147568.0,11.41
92.0,33.64,924.2,1.83,144358.0,10.0
94.0,35.49,960.6,1.88,141149.0,8.69
96.0,37.41,998.1,1.94,137939.0,7.49
98.0,39.4,1036.7,2.0,134730.0,6.39
100.0,41.47,1076.5,2.06,131520.0,5.4
102.0,43.62,1117.5,2.13,128310.0,4.52
104.0,45.84,1159.9,2.19,125101.0,3.75
106.0,48.15,1203.6,2.26,121891.0,3.07
108.0,50.55,1248.6,2.33,118682.0,2.5
110.0,53.03,1295.1,2.41,115472.0,2.01
112.0,55.6,1343.1,2.49,112262.0,1.59
114.0,58.27,1392.7,2.57,109053.0,1.25
116.0,61.03,1444.0,2.66,105843.0,0.97
118.0,63.89,1496.9,2.74,102634.0,0.75
120.0,66.85,1551.7,2.84,99424.0,0.57
122.0,69.92,1608.3,2.94,96214.0,0.42
124.0,73.1,1666.9,3.04,93005.0,0.31
126.0,76.4,1727.6,3.15,89795.0,0.23
128.0,79.81,1790.5,3.26,86586.0,0.16
130.0,83.34,1855.7,3.39,83376.0,0.12
132.0,87.0,1923.4,3.51,80166.0,0.08
134.0,90.79,1993.6,3.65,76957.0,0.06
136.0,94.72,2066.6,3.79,73747.0,0.04
138.0,98.79,2142.5,3.95,70538.0,0.03
140.0,103.0,2221.5,4.11,67328.0,0.02
142.0,107.37,2303.9,4.29,64119.0,0.01
144.0,111.9,2389.8,4.47,60909.0,0.01
146.0,116.6,2479.4,4.67,57699.0,0.0
148.0,121.47,2573.2,4.89,54490.0,0.0
150.0,126.52,2671.3,5.12,51280.0,0.0
152.0,131.77,2774.2,5.37,48071.0,0.0
154.0,137.21,2882.3,5.65,44861.0,0.0
156.0,142.87,2995.9,5.95,41651.0,0.0
158.0,148.75,3115.7,6.27,38442.0,0.0
160.0,154.86,3242.1,6.63,35232.0,0.0
162.0,161.22,3376.0,7.02,32023.0,0.0
164.0,167.85,3518.0,7.46,28813.0,0.0
166.0,174.75,3669.0,7.95,25603.0,0.0
168.0,181.95,3830.2,8.5,22394.0,0.0
170.0,189.47,4002.9,9.12,19184.0,0.0
172.0,197.33,4188.6,9.83,15975.0,0.0
174.0,205.56,4389.2,10.65,12765.0,0.0
176.0,214.18,4607.1,11.59,9555.0,0.0
178.0,223.25,4845.1,12.71,6346.0,0.0
180.0,232.79,5107.1,14.05,3136.0,0.0
182.0,242.85,5398.0,0.89,0.0,0.0
184.0,253.19,5380.5,0.89,0.0,0.0
186.0,263.48,5363.2,0.89,0.0,0.0
188.0,273.75,5345.8,0.88,0.0,0.0
190.0,283.97,5328.6,0.88,0.0,0.0
192.0,294.17,5311.3,0.88,0.0,0.0
194.0,304.33,5294.2,0.87,0.0,0.0
196.0,314.45,5277.1,0.87,0.0,0.0
198.0,324.54,5260.0,0.87,0.0,0.0
200.0,334.6,5243.0,0.87,0.0,0.0
202.0,344.62,5226.1,0.86,0.0,0.0
204.0,354.61,5209.2,0.86,0.0,0.0
206.0,364.56,5192.3,0.86,0.0,0.0
208.0,374.48,5175.5,0.85,0.0,0.0
210.0,384.37,5158.8,0.85,0.0,0.0
212.0,394.22,5142.1,0.85,0.0,0.0
214.0,404.04,5125.5,0.85,0.0,0.0
216.0,413.83,5108.9,0.84,0.0,0.0
218.0,423.58,5092.4,0.84,0.0,0.0
220.0,433.3,5075.9,0.84,0.0,0.0
222.0,442.99,5059.4,0.84,0.0,0.0
224.0,452.64,5043.1,0.83,0.0,0.0
226.0,462.26,5026.7,0.83,0.0,0.0
228.0,471.85,5010.4,0.83,0.0,0.0
230.0,481.4,4994.2,0.83,0.0,0.0
232.0,490.93,4978.0,0.82,0.0,0.0
234.0,500.42,4961.9,0.82,0.0,0.0
236.0,509.87,4945.8,0.82,0.0,0.0
238.0,519.3,4929.7,0.82,0.0,0.0
240.0,528.69,4913.7,0.81,0.0,0.0
242.0,538.05,4897.8,0.81,0.0,0.0
244.0,547.38,4881.9,0.81,0.0,0.0
246.0,556.68,4866.0,0.81,0.0,0.0
248.0,565.94,4850.2,0.81,0.0,0.0
250.0,575.17,4834.4,0.8,0.0,0.0
252.0,584.37,4818.7,0.8,0.0,0.0
254.0,593.54,4803.0,0.8,0.0,0.0
256.0,602.68,4787.4,0.8,0.0,0.0
258.0,611.78,4771.8,0.79,0.0,0.0
260.0,620.86,4756.2,0.79,0.0,0.0
262.0,629.9,4740.7,0.79,0.0,0.0
264.0,638.91,4725.3,0.79,0.0,0.0
266.0,647.89,4709.8,0.79,0.0,0.0
268.0,656.84,4694.5,0.78,0.0,0.0
270.0,665.76,4679.1,0.78,0.0,0.0
272.0,674.64,4663.8,0.78,0.0,0.0
274.0,683.5,4648.6,0.78,0.0,0.0
276.0,692.32,4633.4,0.77,0.0,0.0
278.0,701.12,4618.2,0.77,0.0,0.0
280.0,709.88,4603.1,0.77,0.0,0.0
282.0,718.61,4588.0,0.77,0.0,0.0
284.0,727.32,4572.9,0.77,0.0,0.0
286.0,735.99,4557.9,0.76,0.0,0.0
288.0,744.63,4543.0,0.76,0.0,0.0
290.0,753.24,4528.0,0.76,0.0,0.0
292.0,761.82,4513.1,0.76,0.0,0.0
294.0,770.37,4498.3,0.76,0.0,0.0
296.0,778.89,4483.5,0.75,0.0,0.0
298.0,787.38,4468.7,0.75,0.0,0.0
300.0,795.84,4454.0,0.75,0.0,0.0
302.0,804.27,4439.3,0.75,0.0,0.0
304.0,812.67,4424.6,0.75,0.0,0.0
306.0,821.04,4410.0,0.74,0.0,0.0
308.0,829.38,4395.4,0.74,0.0,0.0
310.0,837.7,4380.9,0.74,0.0,0.0
312.0,845.98,4366.4,0.74,0.0,0.0
314.0,854.23,4351.9,0.74,0.0,0.0
316.0,862.45,4337.5,0.74,0.0,0.0
318.0,870.65,4323.1,0.73,0.0,0.0
320.0,878.81,4308.7,0.73,0.0,0.0
322.0,886.94,4294.4,0.73,0.0,0.0
324.0,895.05,4280.1,0.73,0.0,0.0
326.0,903.13,4265.8,0.73,0.0,0.0
328.0,911.17,4251.6,0.72,0.0,0.0
330.0,919.19,4237.4,0.72,0.0,0.0
332.0,927.18,4223.3,0.72,0.0,0.0
334.0,935.14,4209.2,0.72,0.0,0.0
336.0,943.07,4195.1,0.72,0.0,0.0
338.0,950.98,4181.0,0.72,0.0,0.0
340.0,958.85,4167.0,0.71,0.0,0.0
342.0,966.7,4153.0,0.71,0.0,0.0
344.0,974.51,4139.1,0.71,0.0,0.0
346.0,982.3,4125.2,0.71,0.0,0.0
348.0,990.06,4111.3,0.71,0.0,0.0
350.0,997.8,4097.5,0.7,0.0,0.0
352.0,1005.5,4083.7,0.7,0.0,0.0
354.0,1013.17,4069.9,0.7,0.0,0.0
356.0,1020.82,4056.1,0.7,0.0,0.0
358.0,1028.44,4042.4,0.7,0.0,0.0
360.0,1036.03,4028.8,0.7,0.0,0.0
362.0,1043.59,4015.1,0.7,0.0,0.0
364.0,1051.13,4001.5,0.69,0.0,0.0
366.0,1058.63,3987.9,0.69,0.0,0.0
368.0,1066.11,3974.4,0.69,0.0,0.0
370.0,1073.56,3960.8,0.69,0.0,0.0
372.0,1080.99,3947.3,0.69,0.0,0.0
374.0,1088.38,3933.9,0.69,0.0,0.0
376.0,1095.75,3920.5,0.68,0.0,0.0
378.0,1103.09,3907.1,0.68,0.0,0.0
380.0,1110.4,3893.7,0.68,0.0,0.0
382.0,1117.69,3880.4,0.68,0.0,0.0
384.0,1124.95,3867.1,0.68,0.0,0.0
386.0,1132.18,3853.8,0.68,0.0,0.0
388.0,1139.38,3840.5,0.67,0.0,0.0
390.0,1146.56,3827.3,0.67,0.0,0.0
392.0,1153.71,3814.1,0.67,0.0,0.0
394.0,1160.83,3801.0,0.67,0.0,0.0
396.0,1167.92,3787.9,0.67,0.0,0.0
398.0,1174.99,3774.8,0.67,0.0,0.0
400.0,1182.03,3761.7,0.67,0.0,0.0
402.0,1189.04,3748.7,0.66,0.0,0.0
404.0,1196.03,3735.7,0.66,0.0,0.0
406.0,1202.99,3722.7,0.66,0.0,0.0
408.0,1209.92,3709.7,0.66,0.0,0.0
410.0,1216.82,3696.8,0.66,0.0,0.0
412.0,1223.7,3683.9,0.66,0.0,0.0
414.0,1230.56,3671.1,0.66,0.0,0.0
416.0,1237.38,3658.2,0.65,0.0,0.0
418.0,1244.18,3645.4,0.65,0.0,0.0
420.0,1250.95,3632.6,0.65,0.0,0.0
422.0,1257.7,3619.9,0.65,0.0,0.0
424.0,1264.42,3607.2,0.65,0.0,0.0
426.0,1271.11,3594.5,0.65,0.0,0.0
428.0,1277.78,3581.8,0.65,0.0,0.0
430.0,1284.42,3569.1,0.64,0.0,0.0
432.0,1291.03,3556.5,0.64,0.0,0.0
434.0,1297.62,3543.9,0.64,0.0,0.0
436.0,1304.18,3531.4,0.64,0.0,0.0
438.0,1310.72,3518.8,0.64,0.0,0.0
440.0,1317.22,3506.3,0.64,0.0,0.0
442.0,1323.71,3493.9,0.64,0.0,0.0
444.0,1330.17,3481.4,0.63,0.0,0.0
446.0,1336.6,3469.0,0.63,0.0,0.0
448.0,1343.0,3456.6,0.63,0.0,0.0
450.0,1349.38,3444.2,0.63,0.0,0.0
452.0,1355.73,3431.9,0.63,0.0,0.0
454.0,1362.06,3419.5,0.63,0.0,0.0
456.0,1368.36,3407.2,0.63,0.0,0.0
458.0,1374.64,3395.0,0.62,0.0,0.0
460.0,1380.89,3382.7,0.62,0.0,0.0
462.0,1387.12,3370.5,0.62,0.0,0.0
464.0,1393.31,3358.3,0.62,0.0,0.0
466.0,1399.49,3346.1,0.62,0.0,0.0
468.0,1405.64,3334.0,0.62,0.0,0.0
470.0,1411.76,3321.9,0.62,0.0,0.0
472.0,1417.86,3309.8,0.62,0.0,0.0
474.0,1423.93,3297.7,0.61,0.0,0.0
476.0,1429.97,3285.7,0.61,0.0,0.0
478.0,1436.0,3273.7,0.61,0.0,0.0
480.0,1441.99,3261.7,0.61,0.0,0.0
482.0,1447.96,3249.7,0.61,0.0,0.0
484.0,1453.91,3237.8,0.61,0.0,0.0
486.0,1459.83,3225.9,0.61,0.0,0.0
488.0,1465.72,3214.0,0.61,0.0,0.0
490.0,1471.59,3202.1,0.6,0.0,0.0
492.0,1477.44,3190.3,0.6,0.0,0.0
494.0,1483.26,3178.4,0.6,0.0,0.0
496.0,1489.05,3166.6,0.6,0.0,0.0
498.0,1494.82,3154.9,0.6,0.0,0.0
500.0,1500.57,3143.1,0.6,0.0,0.0
502.0,1506.29,3131.4,0.6,0.0,0.0
504.0,1511.98,3119.7,0.6,0.0,0.0
506.0,1517.65,3108.0,0.59,0.0,0.0
508.0,1523.3,3096.4,0.59,0.0,0.0
510.0,1528.92,3084.8,0.59,0.0,0.0
512.0,1534.51,3073.2,0.59,0.0,0.0
514.0,1540.09,3061.6,0.59,0.0,0.0
516.0,1545.63,3050.0,0.59,0.0,0.0
518.0,1551.15,3038.5,0.59,0.0,0.0
520.0,1556.65,3027.0,0.59,0.0,0.0
522.0,1562.13,3015.5,0.58,0.0,0.0
524.0,1567.57,3004.1,0.58,0.0,0.0
526.0,1573.0,2992.6,0.58,0.0,0.0
528.0,1578.4,2981.2,0.58,0.0,0.0
530.0,1583.77,2969.8,0.58,0.0,0.0
532.0,1589.12,2958.5,0.58,0.0,0.0
534.0,1594.45,2947.1,0.58,0.0,0.0
536.0,1599.75,2935.8,0.58,0.0,0.0
538.0,1605.03,2924.5,0.58,0.0,0.0
540.0,1610.28,2913.3,0.57,0.0,0.0
542.0,1615.51,2902.0,0.57,0.0,0.0
544.0,1620.72,2890.8,0.57,0.0,0.0
546.0,1625.9,2879.6,0.57,0.0,0.0
548.0,1631.06,2868.4,0.57,0.0,0.0
550.0,1636.19,2857.3,0.57,0.0,0.0
552.0,1641.3,2846.1,0.57,0.0,0.0
554.0,1646.38,2835.0,0.57,0.0,0.0
556.0,1651.44,2823.9,0.56,0.0,0.0
558.0,1656.48,2812.9,0.56,0.0,0.0
560.0,1661.49,2801.8,0.56,0.0,0.0
562.0,1666.48,2790.8,0.56,0.0,0.0
564.0,1671.45,2779.8,0.56,0.0,0.0
566.0,1676.39,2768.9,0.56,0.0,0.0
568.0,1681.31,2757.9,0.56,0.0,0.0
570.0,1686.2,2747.0,0.56,0.0,0.0
572.0,1691.07,2736.1,0.56,0.0,0.0
574.0,1695.92,2725.2,0.55,0.0,0.0
576.0,1700.74,2714.4,0.55,0.0,0.0
578.0,1705.54,2703.5,0.55,0.0,0.0
580.0,1710.31,2692.7,0.55,0.0,0.0
582.0,1715.06,2681.9,0.55,0.0,0.0
584.0,1719.79,2671.2,0.55,0.0,0.0
586.0,1724.5,2660.4,0.55,0.0,0.0
588.0,1729.18,2649.7,0.55,0.0,0.0
590.0,1733.83,2639.0,0.54,0.0,0.0
592.0,1738.47,2628.4,0.54,0.0,0.0
594.0,1743.08,2617.7,0.54,0.0,0.0
596.0,1747.66,2607.1,0.54,0.0,0.0
598.0,1752.23,2596.5,0.54,0.0,0.0
600.0,1756.77,2585.9,0.54,0.0,0.0
602.0,1761.28,2575.3,0.54,0.0,0.0
604.0,1765.78,2564.8,0.54,0.0,0.0
606.0,1770.25,2554.3,0.54,0.0,0.0
608.0,1774.69,2543.8,0.53,0.0,0.0
610.0,1779.12,2533.4,0.53,0.0,0.0
612.0,1783.52,2522.9,0.53,0.0,0.0
614.0,1787.89,2512.5,0.53,0.0,0.0
616.0,1792.25,2502.1,0.53,0.0,0.0
618.0,1796.58,2491.7,0.53,0.0,0.0
620.0,1800.88,2481.4,0.53,0.0,0.0
622.0,1805.17,2471.1,0.53,0.0,0.0
624.0,1809.43,2460.8,0.52,0.0,0.0
626.0,1813.67,2450.5,0.52,0.0,0.0
628.0,1817.88,2440.3,0.52,0.0,0.0
630.0,1822.08,2430.0,0.52,0.0,0.0
632.0,1826.24,2419.8,0.52,0.0,0.0
634.0,1830.39,2409.6,0.52,0.0,0.0
636.0,1834.51,2399.5,0.52,0.0,0.0
638.0,1838.61,2389.4,0.52,0.0,0.0
640.0,1842.69,2379.3,0.51,0.0,0.0
642.0,1846.74,2369.2,0.51,0.0,0.0
644.0,1850.78,2359.1,0.51,0.0,0.0
646.0,1854.78,2349.1,0.51,0.0,0.0
648.0,1858.77,2339.1,0.51,0.0,0.0
650.0,1862.73,2329.1,0.51,0.0,0.0
652.0,1866.67,2319.1,0.51,0.0,0.0
654.0,1870.59,2309.2,0.51,0.0,0.0
656.0,1874.49,2299.3,0.5,0.0,0.0
658.0,1878.36,2289.4,0.5,0.0,0.0
660.0,1882.21,2279.5,0.5,0.0,0.0
662.0,1886.03,2269.7,0.5,0.0,0.0
664.0,1889.84,2259.8,0.5,0.0,0.0
666.0,1893.62,2250.1,0.5,0.0,0.0
668.0,1897.38,2240.3,0.5,0.0,0.0
670.0,1901.11,2230.5,0.5,0.0,0.0
672.0,1904.83,2220.8,0.49,0.0,0.0
674.0,1908.52,2211.1,0.49,0.0,0.0
676.0,1912.19,2201.5,0.49,0.0,0.0
678.0,1915.83,2191.8,0.49,0.0,0.0
680.0,1919.46,2182.2,0.49,0.0,0.0
